t,x,y,z,roll,pitch,yaw,rollRate,pitchRate,yawRate,targetAlt,rollInputScaled,pitchInputScaled,yawIn,vertIn,pitchDist,rollDist,ex_b,ey_b,vx_b,vy_b,scaleXY,tiltComp,inFL,inFR,inRL,inRR
1.056,0.49480,-0.00000,0.06557,0.00000,-0.07015,-0.00000,0.00000,0.00028,-0.00000,1.200,0.0002,-2.1041,0.0000,3.0000,0.0000,0.0000,0.0000,0.0000,0.0000,-0.0000,0.0000,1.0025,69.578,69.578,73.786,73.786
1.184,0.49480,-0.00000,0.06557,0.00000,-0.07013,-0.00000,0.00000,0.00012,-0.00000,1.200,0.0002,-2.1037,0.0000,2.9999,0.0000,0.0000,0.0000,0.0000,0.0000,-0.0000,0.0000,1.0025,69.601,69.602,73.808,73.809
1.312,0.49480,-0.00000,0.06557,0.00000,-0.07011,-0.00000,0.00000,0.00007,-0.00000,1.200,0.0002,-2.1034,0.0000,2.9999,0.0000,0.0000,0.0000,0.0000,0.0000,-0.0000,0.0000,1.0025,69.624,69.625,73.831,73.832
1.440,0.49480,-0.00000,0.06558,0.00001,-0.07011,-0.00000,0.00000,0.00006,-0.00000,1.200,0.0003,-2.1031,0.0000,2.9999,0.0000,0.0000,0.0000,0.0000,0.0000,-0.0000,0.0000,1.0025,69.648,69.648,73.854,73.854
1.568,0.49480,-0.00000,0.06558,0.00001,-0.07010,-0.00000,0.00000,0.00007,-0.00000,1.200,0.0003,-2.1029,0.0000,2.9999,0.0000,0.0000,0.0000,0.0000,0.0000,-0.0000,0.0000,1.0025,69.671,69.671,73.877,73.877
1.696,0.49480,-0.00000,0.06558,0.00001,-0.07009,-0.00000,0.00000,0.00009,-0.00000,1.200,0.0003,-2.1025,0.0000,2.9998,0.0000,0.0000,0.0000,0.0000,0.0000,-0.0000,0.0000,1.0025,69.694,69.695,73.899,73.900
1.824,0.49480,-0.00000,0.06559,0.00001,-0.07007,-0.00000,0.00000,0.00011,-0.00000,1.200,0.0003,-2.1021,0.0000,2.9998,0.0000,0.0000,0.0000,0.0000,0.0000,-0.0000,0.0000,1.0025,69.718,69.718,73.922,73.923
1.952,0.49480,-0.00000,0.06559,0.00001,-0.07006,-0.00000,0.00000,0.00013,-0.00000,1.200,0.0003,-2.1016,0.0000,2.9998,0.0000,0.0000,0.0000,0.0000,0.0000,-0.0000,0.0000,1.0025,69.741,69.742,73.944,73.945
2.080,0.49480,-0.00000,0.06560,0.00001,-0.07004,-0.00000,0.00000,0.00015,-0.00000,1.200,0.0004,-2.1010,0.0000,2.9997,0.0000,0.0000,0.0000,0.0000,0.0000,-0.0000,0.0000,1.0025,69.765,69.765,73.967,73.967
2.208,0.49481,-0.00000,0.06561,0.00001,-0.07002,-0.00000,0.00000,0.00018,-0.00000,1.200,0.0004,-2.1004,0.0000,2.9997,0.0000,0.0000,0.0000,0.0000,0.0000,-0.0000,0.0000,1.0025,69.788,69.789,73.989,73.990
2.336,0.49481,-0.00000,0.06562,0.00001,-0.06999,-0.00000,0.00000,0.00020,-0.00000,1.200,0.0004,-2.0996,0.0000,2.9996,0.0000,0.0000,0.0000,0.0000,0.0000,-0.0000,0.0000,1.0025,69.812,69.813,74.011,74.012
2.464,0.49481,-0.00000,0.06563,0.00001,-0.06997,-0.00000,0.00000,0.00022,-0.00000,1.200,0.0004,-2.0988,0.0000,2.9996,0.0000,0.0000,0.0000,0.0000,0.0000,-0.0000,0.0000,1.0025,69.836,69.836,74.033,74.034
2.592,0.49481,-0.00000,0.06564,0.00001,-0.06994,-0.00000,0.00000,0.00024,-0.00000,1.200,0.0004,-2.0979,0.0000,2.9995,0.0000,0.0000,0.0000,0.0000,0.0000,-0.0000,0.0000,1.0025,69.859,69.860,74.055,74.056
2.720,0.49481,-0.00000,0.06565,0.00001,-0.06990,-0.00000,0.00000,0.00027,-0.00000,1.200,0.0005,-2.0968,0.0000,2.9995,0.0000,0.0000,0.0000,0.0000,0.0000,-0.0000,0.0000,1.0024,69.883,69.884,74.077,74.078
2.848,0.49482,-0.00000,0.06567,0.00001,-0.06987,-0.00000,0.00000,0.00029,-0.00000,1.200,0.0005,-2.0957,0.0000,2.9994,0.0000,0.0000,0.0000,0.0000,0.0000,-0.0000,0.0000,1.0024,69.907,69.908,74.099,74.100
2.976,0.49482,-0.00000,0.06568,0.00001,-0.06983,-0.00000,0.00000,0.00031,-0.00000,1.200,0.0005,-2.0946,0.0000,2.9994,0.0000,0.0000,0.0000,0.0000,0.0000,-0.0000,0.0000,1.0024,69.931,69.932,74.120,74.121
3.104,0.49482,-0.00000,0.06570,0.00001,-0.06979,-0.00000,0.00000,0.00033,-0.00000,1.200,0.0005,-2.0933,0.0000,2.9993,0.0000,0.0000,0.0000,0.0000,0.0000,-0.0000,0.0000,1.0024,69.955,69.956,74.142,74.143
3.232,0.49482,-0.00000,0.06572,0.00001,-0.06974,-0.00000,0.00000,0.00036,-0.00000,1.200,0.0005,-2.0919,0.0000,2.9993,0.0000,0.0000,0.0000,0.0000,0.0000,-0.0000,0.0000,1.0024,69.979,69.981,74.163,74.164
3.360,0.49320,0.00000,0.06574,0.00001,-0.06967,-0.00005,-0.00010,0.00093,-0.00137,1.200,0.0004,-2.0893,0.0026,2.9992,-0.0120,-0.0000,0.0000,0.0000,-0.0343,0.0001,0.0000,1.0024,70.002,70.008,74.186,74.182
3.488,0.48350,0.00051,0.06842,-0.00774,-0.04359,-0.00927,-0.09635,0.42232,-0.10459,1.200,-0.4833,-0.8853,0.2253,2.9090,-0.0333,-0.0022,0.0000,0.0000,-0.0952,0.0064,0.0000,1.0010,71.296,70.780,73.517,72.100
3.616,0.46922,0.00115,0.07982,0.00132,0.02894,-0.01986,-0.11484,0.43685,-0.09214,1.200,-0.0487,1.3050,0.2453,2.6141,-0.0406,-0.0025,0.0000,0.0000,-0.1161,0.0072,0.0000,1.0004,72.719,73.112,70.600,70.012
3.744,0.45578,0.00192,0.10743,0.00130,0.02323,-0.02831,0.00260,-0.27194,-0.05706,1.200,0.0675,0.4249,0.2160,2.0577,-0.0492,-0.0007,0.0390,0.0011,-0.0959,0.0032,0.0000,1.0003,71.208,71.775,70.790,70.493
3.872,0.44497,0.00265,0.14573,0.00102,-0.00919,-0.03398,0.00240,-0.14639,-0.03586,1.200,0.0533,-0.4220,0.2005,1.6032,-0.0482,-0.0003,0.0498,0.0017,-0.0804,0.0028,0.0000,1.0000,69.943,70.451,71.188,70.894
4.000,0.43473,0.00335,0.18853,0.00101,-0.00058,-0.03704,0.00050,0.15026,-0.01683,1.200,0.0512,0.1328,0.1784,1.3359,-0.0526,0.0000,0.0600,0.0022,-0.0808,0.0025,0.0000,1.0000,70.275,70.734,70.366,70.112
4.128,0.42459,0.00402,0.23679,0.00106,0.01264,-0.03779,0.00035,0.03982,0.00020,1.200,0.0536,0.4189,0.1508,1.0914,-0.0556,0.0003,0.0702,0.0027,-0.0772,0.0021,0.0000,1.0001,70.370,70.779,69.834,69.640
4.256,0.41554,0.00459,0.29095,0.00110,0.00633,-0.03661,0.00011,-0.07603,0.01431,1.200,0.0552,0.1139,0.1207,0.8511,-0.0558,0.0006,0.0792,0.0029,-0.0669,0.0016,0.0000,1.0000,69.872,70.224,69.886,69.755
4.384,0.40761,0.00503,0.34873,0.00114,0.00133,-0.03388,0.00029,-0.00539,0.02522,1.200,0.0571,0.0344,0.0901,0.6781,-0.0567,0.0009,0.0871,0.0030,-0.0598,0.0010,0.0000,1.0000,69.670,69.965,69.782,69.716
4.512,0.40039,0.00533,0.40888,0.00117,0.00643,-0.02999,0.00039,0.05384,0.03304,1.200,0.0597,0.1930,0.0605,0.5568,-0.0579,0.0011,0.0944,0.0028,-0.0542,0.0003,0.9304,1.0000,69.759,69.999,69.494,69.492
4.640,0.39410,0.00546,0.47168,0.00121,0.00943,-0.02533,-0.00011,-0.00084,0.03802,1.200,0.0618,0.2277,0.0329,0.4427,-0.0577,0.0013,0.1007,0.0026,-0.0457,-0.0007,0.9447,1.0000,69.730,69.919,69.340,69.398
4.768,0.38905,0.00539,0.53691,0.00124,0.00660,-0.02026,-0.00014,-0.02469,0.04040,1.200,0.0632,0.1191,0.0083,0.3394,-0.0565,0.0016,0.1057,0.0021,-0.0358,-0.0019,0.9576,1.0000,69.562,69.706,69.341,69.451
4.896,0.38516,0.00510,0.60376,0.00126,0.00565,-0.01506,-0.00003,0.00427,0.04042,1.200,0.0648,0.1203,-0.0125,0.2629,-0.0553,0.0019,0.1096,0.0017,-0.0272,-0.0033,0.9671,1.0000,69.529,69.634,69.263,69.418
5.024,0.38230,0.00458,0.67192,0.00128,0.00708,-0.01002,-0.00011,0.01050,0.03852,1.200,0.0662,0.1703,-0.0292,0.2013,-0.0540,0.0022,0.1125,0.0011,-0.0192,-0.0049,0.9748,1.0000,69.556,69.630,69.157,69.348
5.152,0.38052,0.00382,0.74143,0.00129,0.00723,-0.00535,-0.00021,-0.00415,0.03513,1.200,0.0671,0.1617,-0.0418,0.1435,-0.0519,0.0027,0.1143,0.0006,-0.0106,-0.0067,0.9821,1.0000,69.525,69.575,69.118,69.336
5.280,0.37987,0.00281,0.81213,0.00129,0.00645,-0.00120,-0.00021,-0.00493,0.03065,1.200,0.0676,0.1392,-0.0504,-0.0152,-0.0494,0.0031,0.1149,0.0001,-0.0019,-0.0086,0.9981,1.0000,69.374,69.409,68.995,69.231
5.408,0.38028,0.00156,0.88303,0.00128,0.00634,0.00231,-0.00021,0.00081,0.02548,1.200,0.0674,0.1477,-0.0551,-0.6111,-0.0467,0.0036,0.1145,-0.0003,0.0062,-0.0105,0.9236,1.0000,68.815,68.839,68.409,68.654
5.536,0.38171,0.00006,0.95181,0.00127,0.00637,0.00514,-0.00022,-0.00063,0.02002,1.200,0.0672,0.1525,-0.0566,-1.0336,-0.0437,0.0042,0.1131,-0.0006,0.0140,-0.0125,0.8708,1.0000,68.422,68.443,68.004,68.251
5.664,0.38412,-0.00168,1.01666,0.00126,0.00611,0.00726,-0.00021,-0.00250,0.01454,1.200,0.0668,0.1468,-0.0552,-1.2883,-0.0404,0.0048,0.1107,-0.0008,0.0216,-0.0144,0.8390,1.0000,68.183,68.207,67.779,68.023
5.792,0.38748,-0.00365,1.07648,0.00124,0.00588,0.00870,-0.00019,-0.00112,0.00931,1.200,0.0664,0.1449,-0.0515,-1.4076,-0.0368,0.0054,0.1073,-0.0009,0.0289,-0.0163,0.8240,1.0000,68.082,68.112,67.689,67.925
5.920,0.39177,-0.00584,1.13081,0.00123,0.00583,0.00950,-0.00017,-0.00014,0.00450,1.200,0.0660,0.1478,-0.0461,-1.4300,-0.0328,0.0060,0.1030,-0.0010,0.0360,-0.0181,0.8213,1.0000,68.080,68.120,67.693,67.917
6.048,0.39696,-0.00824,1.17966,0.00121,0.00576,0.00973,-0.00016,-0.00082,0.00027,1.200,0.0656,0.1485,-0.0394,-1.3899,-0.0286,0.0066,0.0978,-0.0010,0.0430,-0.0198,0.8263,1.0000,68.138,68.190,67.762,67.972
6.176,0.40305,-0.01086,1.22330,0.00118,0.00562,0.00947,-0.00015,-0.00120,-0.00329,1.200,0.0651,0.1474,-0.0320,-1.3138,-0.0239,0.0072,0.0917,-0.0009,0.0500,-0.0215,0.8358,1.0000,68.229,68.295,67.870,68.064
6.304,0.41002,-0.01368,1.26218,0.00116,0.00549,0.00882,-0.00013,-0.00092,-0.00611,1.200,0.0646,0.1476,-0.0243,-1.2203,-0.0190,0.0078,0.0848,-0.0007,0.0568,-0.0231,0.8475,1.0000,68.338,68.419,67.995,68.173
6.432,0.41785,-0.01669,1.29682,0.00114,0.00538,0.00786,-0.00012,-0.00093,-0.00819,1.200,0.0642,0.1486,-0.0167,-1.1223,-0.0137,0.0084,0.0769,-0.0006,0.0635,-0.0246,0.8597,1.0000,68.453,68.548,68.123,68.285
6.560,0.42653,-0.01988,1.32778,0.00112,0.00523,0.00670,-0.00011,-0.00123,-0.00954,1.200,0.0638,0.1487,-0.0096,-1.0281,-0.0081,0.0089,0.0683,-0.0005,0.0700,-0.0260,0.8715,1.0000,68.564,68.672,68.247,68.394
6.688,0.43603,-0.02325,1.35560,0.00110,0.00507,0.00542,-0.00009,-0.00136,-0.01023,1.200,0.0634,0.1487,-0.0032,-0.9423,-0.0022,0.0095,0.0588,-0.0003,0.0764,-0.0273,0.8822,1.0000,68.667,68.787,68.363,68.496
6.816,0.44633,-0.02680,1.38078,0.00109,0.00489,0.00409,-0.00008,-0.00137,-0.01033,1.200,0.0630,0.1489,0.0022,-0.8672,0.0039,0.0100,0.0485,-0.0002,0.0827,-0.0285,0.8916,1.0000,68.760,68.890,68.467,68.588
6.944,0.45740,-0.03051,1.40377,0.00107,0.00471,0.00280,-0.00007,-0.00147,-0.00992,1.200,0.0738,0.1492,0.0067,-0.8035,0.0103,0.0226,0.0375,0.0304,0.0887,-0.0297,0.8996,1.0000,68.832,68.993,68.547,68.681
7.072,0.46923,-0.03436,1.42498,0.00083,0.00446,0.00157,0.00139,-0.00341,-0.00896,1.200,0.0652,0.1550,0.0098,-0.7513,0.0272,0.0246,0.0001,0.0344,0.0944,-0.0307,0.9061,1.0000,68.918,69.068,68.628,68.738
7.200,0.48174,-0.03834,1.44475,0.00077,0.00394,0.00049,-0.00017,-0.00301,-0.00799,1.200,0.0624,0.1419,0.0124,-0.7099,0.0291,0.0266,0.0000,0.0383,0.0998,-0.0315,0.9113,1.0000,68.969,69.119,68.711,68.810
7.328,0.49492,-0.04243,1.46336,0.00073,0.00394,-0.00043,-0.00031,0.00134,-0.00671,1.200,0.0624,0.1478,0.0138,-0.6767,0.0309,0.0286,-0.0000,0.0424,0.1048,-0.0322,0.9154,1.0000,69.030,69.183,68.762,68.859
7.456,0.50873,-0.04663,1.48107,0.00069,0.00409,-0.00118,-0.00029,0.00051,-0.00531,1.200,0.0624,0.1533,0.0143,-0.6525,0.0327,0.0306,-0.0001,0.0466,0.1098,-0.0330,0.9184,1.0000,69.082,69.236,68.804,68.901
7.584,0.52318,-0.05093,1.49813,0.00065,0.00398,-0.00174,-0.00029,-0.00139,-0.00389,1.200,0.0625,0.1498,0.0140,-0.6364,0.0345,0.0327,-0.0001,0.0509,0.1148,-0.0337,0.9205,1.0000,69.118,69.271,68.847,68.944
7.712,0.53826,-0.05532,1.51474,0.00062,0.00351,-0.00213,-0.00030,-0.00532,-0.00252,1.200,0.0626,0.1494,0.0131,-0.6270,0.0536,0.0348,-0.0436,0.0552,0.1196,-0.0343,0.9216,1.0000,69.150,69.302,68.878,68.977
7.840,0.55389,-0.05980,1.53102,0.00058,0.00299,-0.00235,-0.00029,-0.00258,-0.00127,1.200,0.0627,0.1439,0.0117,-0.6220,0.0615,0.0370,-0.0592,0.0597,0.1238,-0.0350,0.9223,1.0000,69.172,69.321,68.908,69.010
7.968,0.57003,-0.06437,1.54705,0.00054,0.00290,-0.00243,-0.00029,-0.00019,-0.00016,1.200,0.0629,0.1509,0.0100,-0.6202,0.0694,0.0392,-0.0754,0.0642,0.1275,-0.0356,0.9225,1.0000,69.202,69.348,68.920,69.026
8.096,0.58663,-0.06902,1.56298,0.00050,0.00276,-0.00237,-0.00030,-0.00188,0.00077,1.200,0.0630,0.1525,0.0081,-0.6224,0.0775,0.0414,-0.0920,0.0688,0.1311,-0.0362,0.9222,1.0000,69.222,69.364,68.933,69.043
8.224,0.60366,-0.07374,1.57889,0.00046,0.00242,-0.00221,-0.00030,-0.00277,0.00151,1.200,0.0632,0.1490,0.0061,-0.6274,0.0858,0.0437,-0.1090,0.0735,0.1344,-0.0368,0.9216,1.0000,69.233,69.371,68.947,69.061
8.352,0.62109,-0.07853,1.59482,0.00043,0.00214,-0.00197,-0.00031,-0.00187,0.00206,1.200,0.0633,0.1488,0.0042,-0.6338,0.0940,0.0460,-0.1264,0.0783,0.1373,-0.0374,0.9208,1.0000,69.244,69.379,68.955,69.073
8.480,0.63886,-0.08339,1.61081,0.00039,0.00193,-0.00168,-0.00031,-0.00161,0.00242,1.200,0.0635,0.1505,0.0024,-0.6413,0.1024,0.0483,-0.1442,0.0832,0.1399,-0.0379,0.9198,1.0000,69.255,69.387,68.959,69.081
8.608,0.65694,-0.08831,1.62691,0.00035,0.00169,-0.00135,-0.00032,-0.00209,0.00260,1.200,0.0636,0.1503,0.0007,-0.6497,0.1108,0.0507,-0.1623,0.0881,0.1422,-0.0384,0.9188,1.0000,69.262,69.390,68.962,69.088
8.736,0.67529,-0.09329,1.64314,0.00031,0.00141,-0.00102,-0.00032,-0.00214,0.00263,1.200,0.0637,0.1496,-0.0007,-0.6586,0.1193,0.0531,-0.1806,0.0931,0.1441,-0.0389,0.9177,1.0000,69.266,69.392,68.965,69.094
8.864,0.69387,-0.09832,1.65951,0.00027,0.00115,-0.00069,-0.00033,-0.00192,0.00253,1.200,0.0638,0.1498,-0.0018,-0.6676,0.1278,0.0555,-0.1991,0.0982,0.1458,-0.0393,0.9166,1.0000,69.269,69.393,68.966,69.097
8.992,0.71263,-0.10339,1.67604,0.00022,0.00091,-0.00038,-0.00033,-0.00193,0.00233,1.200,0.0639,0.1501,-0.0027,-0.6764,0.1363,0.0580,-0.2179,0.1033,0.1471,-0.0397,0.9154,1.0000,69.272,69.394,68.966,69.099
9.120,0.73154,-0.10849,1.69273,0.00018,0.00065,-0.00010,-0.00034,-0.00203,0.00205,1.200,0.0639,0.1500,-0.0033,-0.6850,0.1448,0.0604,-0.2368,0.1085,0.1481,-0.0400,0.9144,1.0000,69.272,69.393,68.966,69.100
9.248,0.75056,-0.11363,1.70959,0.00014,0.00040,0.00014,-0.00034,-0.00200,0.00173,1.200,0.0640,0.1498,-0.0037,-0.6932,0.1532,0.0629,-0.2557,0.1137,0.1488,-0.0403,0.9134,1.0000,69.272,69.392,68.965,69.100
9.376,0.76964,-0.11880,1.72660,0.00009,0.00014,0.00033,-0.00034,-0.00194,0.00137,1.200,0.0640,0.1499,-0.0038,-0.7008,0.1617,0.0653,-0.2748,0.1189,0.1492,-0.0405,0.9124,1.0000,69.270,69.391,68.963,69.098
9.504,0.78874,-0.12398,1.74377,0.00005,-0.00010,0.00048,-0.00034,-0.00195,0.00101,1.200,0.0640,0.1499,-0.0037,-0.7078,0.1701,0.0678,-0.2939,0.1241,0.1492,-0.0406,0.9115,1.0000,69.268,69.388,68.961,69.096
9.632,0.80783,-0.12917,1.76108,0.00001,-0.00035,0.00058,-0.00034,-0.00195,0.00066,1.200,0.0639,0.1499,-0.0035,-0.7142,0.1784,0.0702,-0.3130,0.1294,0.1490,-0.0407,0.9107,1.0000,69.265,69.386,68.958,69.093
9.760,0.82686,-0.13437,1.77851,-0.00004,-0.00060,0.00064,-0.00034,-0.00192,0.00034,1.200,0.0639,0.1499,-0.0032,-0.7198,0.1866,0.0727,-0.3320,0.1346,0.1484,-0.0407,0.9100,1.0000,69.261,69.383,68.955,69.089
9.888,0.84579,-0.13956,1.79606,-0.00008,-0.00085,0.00066,-0.00034,-0.00189,0.00006,1.200,0.0639,0.1499,-0.0027,-0.7248,0.1948,0.0751,-0.3509,0.1398,0.1475,-0.0406,0.9094,1.0000,69.257,69.379,68.951,69.085
10.016,0.86458,-0.14475,1.81370,-0.00013,-0.00109,0.00064,-0.00034,-0.00188,-0.00018,1.200,0.0638,0.1499,-0.0023,-0.7289,0.2028,0.0775,-0.3697,0.1450,0.1464,-0.0405,0.9089,1.0000,69.251,69.375,68.947,69.079
10.144,0.88321,-0.14991,1.83142,-0.00017,-0.00132,0.00061,-0.00034,-0.00185,-0.00037,1.200,0.0638,0.1498,-0.0018,-0.7322,0.2107,0.0799,-0.3883,0.1501,0.1449,-0.0404,0.9085,1.0000,69.246,69.370,68.943,69.074
10.272,0.90161,-0.15505,1.84918,-0.00021,-0.00156,0.00055,-0.00034,-0.00182,-0.00051,1.200,0.0637,0.1498,-0.0013,-0.7348,0.2185,0.0822,-0.4067,0.1553,0.1431,-0.0401,0.9081,1.0000,69.239,69.364,68.937,69.067
10.400,0.91977,-0.16015,1.86696,-0.00025,-0.00179,0.00047,-0.00034,-0.00179,-0.00061,1.200,0.0637,0.1498,-0.0008,-0.7366,0.2261,0.0846,-0.4249,0.1604,0.1410,-0.0398,0.9079,1.0000,69.233,69.358,68.931,69.060
10.528,0.93764,-0.16522,1.88473,-0.00030,-0.00202,0.00039,-0.00033,-0.00175,-0.00066,1.200,0.0637,0.1498,-0.0004,-0.7375,0.2336,0.0869,-0.4428,0.1654,0.1387,-0.0395,0.9078,1.0000,69.225,69.352,68.925,69.053
10.656,0.95519,-0.17023,1.90246,-0.00034,-0.00224,0.00031,-0.00033,-0.00172,-0.00067,1.200,0.0636,0.1498,-0.0000,-0.7377,0.2408,0.0892,-0.4603,0.1704,0.1361,-0.0391,0.9078,1.0000,69.218,69.345,68.918,69.045
10.784,0.97238,-0.17520,1.92011,-0.00038,-0.00245,0.00022,-0.00033,-0.00168,-0.00064,1.200,0.0636,0.1497,0.0003,-0.7370,0.2479,0.0914,-0.4775,0.1753,0.1332,-0.0386,0.9079,1.0000,69.209,69.337,68.910,69.037
10.912,0.98917,-0.18010,1.93765,-0.00042,-0.00264,0.00014,-0.00033,-0.00101,-0.00060,1.200,0.0636,0.1468,0.0005,-0.7354,0.2500,0.0936,-0.4944,0.1802,0.1300,-0.0381,0.9081,1.0000,69.198,69.326,68.905,69.031
11.040,1.00556,-0.18493,1.95502,-0.00046,-0.00262,0.00007,-0.00032,0.00068,-0.00053,1.200,0.0636,0.1492,0.0007,-0.7326,0.2500,0.0958,-0.5107,0.1850,0.1268,-0.0376,0.9084,1.0000,69.191,69.320,68.894,69.020
11.168,1.02152,-0.18969,1.97219,-0.00050,-0.00254,0.00001,-0.00031,0.00031,-0.00044,1.200,0.0636,0.1512,0.0008,-0.7292,0.2500,0.0980,-0.5267,0.1897,0.1235,-0.0369,0.9089,1.0000,69.184,69.313,68.883,69.009
11.296,1.03707,-0.19437,1.98914,-0.00054,-0.00257,-0.00004,-0.00031,-0.00042,-0.00035,1.200,0.0635,0.1498,0.0008,-0.7252,0.2500,0.1001,-0.5423,0.1943,0.1203,-0.0363,0.9094,1.0000,69.172,69.301,68.874,69.000
11.424,1.05221,-0.19895,2.00580,-0.00058,-0.00261,-0.00008,-0.00031,-0.00015,-0.00026,1.200,0.0635,0.1490,0.0008,-0.7200,0.2500,0.1022,-0.5574,0.1989,0.1171,-0.0356,0.9100,1.0000,69.162,69.290,68.865,68.991
11.552,1.06693,-0.20345,2.02213,-0.00062,-0.00260,-0.00010,-0.00030,0.00014,-0.00017,1.200,0.0635,0.1498,0.0007,-0.7138,0.2500,0.1042,-0.5722,0.2034,0.1138,-0.0348,0.9108,1.0000,69.152,69.281,68.854,68.979
11.680,1.08124,-0.20784,2.03808,-0.00066,-0.00260,-0.00012,-0.00030,-0.00005,-0.00009,1.200,0.0635,0.1500,0.0006,-0.7064,0.2500,0.1062,-0.5865,0.2078,0.1105,-0.0340,0.9117,1.0000,69.142,69.270,68.843,68.969
11.808,1.09512,-0.21213,2.05361,-0.00070,-0.00261,-0.00012,-0.00030,-0.00017,-0.00002,1.200,0.0635,0.1496,0.0005,-0.6980,0.2500,0.1082,-0.6004,0.2121,0.1073,-0.0332,0.9127,1.0000,69.131,69.259,68.833,68.959
11.936,1.10859,-0.21630,2.06866,-0.00073,-0.00263,-0.00012,-0.00021,-0.00008,0.00005,1.200,0.0635,0.1495,0.0004,-0.6883,0.2500,0.1098,-0.6138,0.2162,0.1040,-0.0323,0.9140,1.0000,69.121,69.248,68.822,68.948
12.064,1.12164,-0.22036,2.08318,-0.00076,-0.00264,-0.00011,-0.00021,-0.00005,0.00010,1.200,0.0635,0.1497,0.0003,-0.6773,0.2500,0.1111,-0.6269,0.2203,0.1007,-0.0313,0.9153,1.0000,69.110,69.238,68.812,68.938
12.192,1.13426,-0.22430,2.09714,-0.00079,-0.00265,-0.00010,-0.00020,-0.00012,0.00013,1.200,0.0635,0.1497,0.0001,-0.6649,0.2500,0.1123,-0.6395,0.2242,0.0974,-0.0304,0.9169,1.0000,69.101,69.228,68.802,68.928
12.320,1.14646,-0.22811,2.11047,-0.00081,-0.00267,-0.00008,-0.00020,-0.00014,0.00016,1.200,0.0635,0.1495,0.0000,-0.6511,0.2500,0.1135,-0.6517,0.2281,0.0941,-0.0294,0.9186,1.0000,69.091,69.218,68.792,68.919
12.448,1.15824,-0.23179,2.12315,-0.00084,-0.00268,-0.00005,-0.00019,-0.00012,0.00017,1.200,0.0635,0.1495,-0.0001,-0.6359,0.2500,0.1146,-0.6635,0.2317,0.0907,-0.0284,0.9205,1.0000,69.084,69.210,68.784,68.912
12.576,1.16958,-0.23533,2.13512,-0.00086,-0.00270,-0.00003,-0.00019,-0.00013,0.00017,1.200,0.0635,0.1496,-0.0002,-0.6193,0.2500,0.1157,-0.6748,0.2353,0.0874,-0.0273,0.9226,1.0000,69.077,69.204,68.778,68.905
12.704,1.18049,-0.23874,2.14637,-0.00088,-0.00272,-0.00001,-0.00018,-0.00015,0.00016,1.200,0.0635,0.1495,-0.0003,-0.6014,0.2500,0.1167,-0.6857,0.2387,0.0840,-0.0262,0.9248,1.0000,69.072,69.199,68.773,68.900
12.832,1.19097,-0.24201,2.15687,-0.00091,-0.00274,0.00001,-0.00018,-0.00016,0.00015,1.200,0.0635,0.1495,-0.0003,-0.5824,0.2500,0.1176,-0.6962,0.2420,0.0806,-0.0251,0.9272,1.0000,69.068,69.195,68.769,68.896
12.960,1.20101,-0.24513,2.16659,-0.00093,-0.00276,0.00003,-0.00017,-0.00016,0.00013,1.200,0.0635,0.1495,-0.0003,-0.5623,0.2500,0.1184,-0.7062,0.2451,0.0772,-0.0240,0.9297,1.0000,69.065,69.192,68.766,68.893
13.088,1.21061,-0.24810,2.17554,-0.00095,-0.00278,0.00004,-0.00016,-0.00017,0.00011,1.200,0.0635,0.1495,-0.0004,-0.5412,0.2500,0.1192,-0.7158,0.2481,0.0737,-0.0228,0.9324,1.0000,69.063,69.190,68.764,68.891
13.216,1.21977,-0.25092,2.18369,-0.00097,-0.00280,0.00005,-0.00015,-0.00018,0.00009,1.200,0.0635,0.1495,-0.0004,-0.5191,0.2500,0.1199,-0.7250,0.2510,0.0702,-0.0216,0.9351,1.0000,69.062,69.189,68.763,68.890
13.344,1.22847,-0.25359,2.19104,-0.00099,-0.00283,0.00006,-0.00015,-0.00019,0.00007,1.200,0.0635,0.1495,-0.0004,-0.4961,0.2500,0.1206,-0.7337,0.2536,0.0667,-0.0204,0.9380,1.0000,69.062,69.189,68.763,68.890
13.472,1.23673,-0.25610,2.19759,-0.00101,-0.00285,0.00007,-0.00014,-0.00019,0.00004,1.200,0.0635,0.1495,-0.0004,-0.4723,0.2500,0.1212,-0.7419,0.2562,0.0632,-0.0191,0.9410,1.0000,69.063,69.189,68.763,68.891
13.600,1.24452,-0.25845,2.20335,-0.00102,-0.00288,0.00007,-0.00013,-0.00020,0.00002,1.200,0.0635,0.1495,-0.0003,-0.4478,0.2500,0.1217,-0.7497,0.2585,0.0596,-0.0179,0.9440,1.0000,69.065,69.191,68.765,68.893
13.728,1.25186,-0.26063,2.20833,-0.00104,-0.00290,0.00008,-0.00012,-0.00021,0.00000,1.200,0.0635,0.1495,-0.0003,-0.4225,0.2500,0.1221,-0.7570,0.2607,0.0560,-0.0166,0.9472,1.0000,69.067,69.193,68.767,68.895
13.856,1.25874,-0.26265,2.21253,-0.00105,-0.00293,0.00008,-0.00011,-0.00021,-0.00001,1.200,0.0635,0.1495,-0.0003,-0.3965,0.2500,0.1224,-0.7639,0.2627,0.0523,-0.0153,0.9504,1.0000,69.070,69.196,68.770,68.898
13.984,1.26514,-0.26450,2.21596,-0.00107,-0.00296,0.00007,-0.00010,-0.00021,-0.00002,1.200,0.0635,0.1495,-0.0003,-0.3701,0.2500,0.1227,-0.7703,0.2646,0.0487,-0.0140,0.9537,1.0000,69.073,69.200,68.774,68.901
14.112,1.27107,-0.26618,2.21865,-0.00108,-0.00298,0.00007,-0.00009,-0.00022,-0.00003,1.200,0.0635,0.1495,-0.0002,-0.3431,0.2500,0.1229,-0.7763,0.2662,0.0449,-0.0126,0.9571,1.0000,69.077,69.204,68.778,68.905
14.240,1.27653,-0.26769,2.22060,-0.00109,-0.00301,0.00006,-0.00008,-0.00022,-0.00004,1.200,0.0635,0.1495,-0.0002,-0.3158,0.2500,0.1230,-0.7817,0.2677,0.0412,-0.0113,0.9605,1.0000,69.081,69.208,68.782,68.909
14.368,1.28150,-0.26902,2.22185,-0.00110,-0.00304,0.00006,-0.00007,-0.00022,-0.00004,1.200,0.0635,0.1496,-0.0002,-0.2881,0.2500,0.1231,-0.7867,0.2691,0.0374,-0.0099,0.9640,1.0000,69.086,69.213,68.787,68.914
14.496,1.28599,-0.27018,2.22241,-0.00111,-0.00307,0.00005,-0.00006,-0.00022,-0.00004,1.200,0.0635,0.1496,-0.0001,-0.2602,0.2500,0.1231,-0.7912,0.2702,0.0336,-0.0085,0.9675,1.0000,69.091,69.218,68.791,68.919
14.624,1.28998,-0.27115,2.22231,-0.00112,-0.00310,0.00005,-0.00005,-0.00023,-0.00004,1.200,0.0635,0.1496,-0.0001,-0.2322,0.2500,0.1230,-0.7952,0.2712,0.0298,-0.0071,0.9710,1.0000,69.096,69.223,68.796,68.924
14.752,1.29348,-0.27195,2.22156,-0.00112,-0.00313,0.00004,-0.00004,-0.00023,-0.00004,1.200,0.0635,0.1496,-0.0001,-0.2040,0.2500,0.1228,-0.7987,0.2720,0.0259,-0.0057,0.9745,1.0000,69.101,69.228,68.802,68.929
14.880,1.29648,-0.27258,2.22020,-0.00113,-0.00316,0.00004,-0.00003,-0.00023,-0.00003,1.200,0.0635,0.1496,-0.0001,-0.1759,0.2500,0.1226,-0.8017,0.2726,0.0219,-0.0043,0.9780,1.0000,69.106,69.233,68.807,68.934
15.008,1.29897,-0.27302,2.21824,-0.00113,-0.00318,0.00003,-0.00002,-0.00023,-0.00003,1.200,0.0635,0.1496,-0.0001,-0.1478,0.2500,0.1222,-0.8042,0.2730,0.0180,-0.0029,0.9815,1.0000,69.111,69.238,68.812,68.939
15.136,1.30095,-0.27327,2.21571,-0.00113,-0.00321,0.00003,-0.00000,-0.00022,-0.00002,1.200,0.0635,0.1496,-0.0001,-0.1198,0.2500,0.1218,-0.8061,0.2733,0.0140,-0.0015,0.9850,1.0000,69.116,69.243,68.817,68.944
15.264,1.30242,-0.27335,2.21263,-0.00113,-0.00324,0.00003,0.00001,-0.00022,-0.00002,1.200,0.0635,0.1496,-0.0001,-0.0920,0.2500,0.1214,-0.8076,0.2734,0.0099,-0.0001,0.9885,1.0000,69.121,69.248,68.821,68.949
15.392,1.30337,-0.27325,2.20902,-0.00113,-0.00327,0.00003,0.00002,-0.00022,-0.00001,1.200,0.0636,0.1496,-0.0001,-0.0644,0.2500,0.1208,-0.8086,0.2733,0.0059,0.0013,0.9920,1.0000,69.125,69.252,68.826,68.953
15.520,1.30379,-0.27297,2.20491,-0.00112,-0.00330,0.00003,0.00003,-0.00022,-0.00001,1.200,0.0636,0.1496,-0.0001,-0.0370,0.2500,0.1202,-0.8090,0.2730,0.0018,0.0027,0.9954,1.0000,69.130,69.257,68.830,68.958
15.648,1.30369,-0.27251,2.20032,-0.00112,-0.00333,0.00003,0.00005,-0.00022,-0.00000,1.200,0.0636,0.1497,-0.0001,-0.0099,0.2500,0.1196,-0.8089,0.2725,-0.0024,0.0041,0.9988,1.0000,69.134,69.261,68.834,68.962
15.776,1.30305,-0.27186,2.19526,-0.00110,-0.00335,0.00003,0.00021,-0.00008,0.00001,1.200,0.0636,0.1489,-0.0001,0.0169,0.2500,0.1188,-0.8082,0.2719,-0.0065,0.0055,0.9979,1.0000,69.137,69.264,68.839,68.966
15.904,1.30188,-0.27105,2.18974,-0.00108,-0.00332,0.00003,0.00018,0.00039,0.00001,1.200,0.0636,0.1495,-0.0001,0.0435,0.2500,0.1180,-0.8071,0.2711,-0.0107,0.0069,0.9946,1.0000,69.141,69.268,68.842,68.969
16.032,1.30017,-0.27005,2.18380,-0.00105,-0.00327,0.00003,0.00020,0.00033,0.00001,1.200,0.0636,0.1501,-0.0001,0.0697,0.2500,0.1171,-0.8054,0.2701,-0.0148,0.0082,0.9913,1.0000,69.145,69.272,68.844,68.972
16.160,1.29795,-0.26889,2.17743,-0.00103,-0.00325,0.00003,0.00020,0.00011,0.00001,1.200,0.0636,0.1497,-0.0002,0.0955,0.2500,0.1162,-0.8031,0.2689,-0.0189,0.0096,0.9881,1.0000,69.147,69.274,68.847,68.975
16.288,1.29520,-0.26757,2.17067,-0.00100,-0.00323,0.00003,0.00021,0.00017,0.00001,1.200,0.0636,0.1495,-0.0002,0.1210,0.2500,0.1152,-0.8004,0.2676,-0.0230,0.0108,0.9849,1.0000,69.149,69.276,68.850,68.978
16.416,1.29193,-0.26608,2.16351,-0.00098,-0.00320,0.00003,0.00022,0.00026,0.00001,1.200,0.0636,0.1497,-0.0002,0.1462,0.2500,0.1142,-0.7971,0.2661,-0.0270,0.0121,0.9817,1.0000,69.152,69.279,68.852,68.979
16.544,1.28815,-0.26444,2.15596,-0.00095,-0.00317,0.00004,0.00022,0.00021,0.00001,1.200,0.0636,0.1498,-0.0002,0.1710,0.2500,0.1131,-0.7933,0.2645,-0.0310,0.0133,0.9786,1.0000,69.154,69.280,68.854,68.981
16.672,1.28386,-0.26265,2.14805,-0.00092,-0.00315,0.00004,0.00023,0.00017,0.00001,1.200,0.0636,0.1497,-0.0002,0.1955,0.2500,0.1120,-0.7891,0.2627,-0.0350,0.0145,0.9756,1.0000,69.155,69.282,68.855,68.983
16.800,1.27907,-0.26071,2.13976,-0.00089,-0.00312,0.00004,0.00023,0.00020,0.00000,1.200,0.0636,0.1497,-0.0002,0.2197,0.2500,0.1108,-0.7843,0.2607,-0.0389,0.0156,0.9725,1.0000,69.156,69.283,68.856,68.984
16.928,1.27378,-0.25862,2.13111,-0.00086,-0.00310,0.00004,0.00024,0.00021,0.00000,1.200,0.0636,0.1497,-0.0002,0.2436,0.2500,0.1096,-0.7790,0.2587,-0.0428,0.0167,0.9696,1.0000,69.157,69.284,68.857,68.985
17.056,1.26799,-0.25640,2.12210,-0.00083,-0.00307,0.00004,0.00024,0.00019,0.00000,1.200,0.0636,0.1497,-0.0002,0.2671,0.2500,0.1084,-0.7732,0.2564,-0.0467,0.0177,0.9666,1.0000,69.157,69.284,68.858,68.985
17.184,1.26171,-0.25405,2.11274,-0.00080,-0.00305,0.00004,0.00025,0.00018,-0.00000,1.200,0.0636,0.1497,-0.0002,0.2905,0.2500,0.1071,-0.7669,0.2541,-0.0505,0.0188,0.9637,1.0000,69.158,69.285,68.858,68.985
17.312,1.25494,-0.25157,2.10302,-0.00076,-0.00302,0.00004,0.00025,0.00019,-0.00000,1.200,0.0636,0.1497,-0.0002,0.3135,0.2500,0.1057,-0.7601,0.2516,-0.0543,0.0198,0.9608,1.0000,69.158,69.285,68.858,68.985
17.440,1.24768,-0.24896,2.09294,-0.00073,-0.00300,0.00004,0.00025,0.00019,-0.00000,1.200,0.0636,0.1497,-0.0001,0.3363,0.2500,0.1044,-0.7529,0.2490,-0.0581,0.0207,0.9580,1.0000,69.158,69.285,68.858,68.985
17.568,1.23995,-0.24624,2.08251,-0.00070,-0.00298,0.00004,0.00026,0.00018,-0.00000,1.200,0.0636,0.1497,-0.0001,0.3587,0.2500,0.1029,-0.7451,0.2463,-0.0618,0.0216,0.9552,1.0000,69.158,69.285,68.858,68.986
17.696,1.23173,-0.24341,2.07172,-0.00067,-0.00295,0.00004,0.00026,0.00018,-0.00000,1.200,0.0636,0.1497,-0.0001,0.3808,0.2500,0.1015,-0.7369,0.2434,-0.0656,0.0225,0.9524,1.0000,69.159,69.286,68.859,68.987
17.824,1.22305,-0.24047,2.06059,-0.00063,-0.00293,0.00004,0.00026,0.00018,-0.00000,1.200,0.0636,0.1497,-0.0001,0.4024,0.2500,0.1000,-0.7282,0.2405,-0.0692,0.0233,0.9497,1.0000,69.160,69.287,68.861,68.988
17.952,1.21389,-0.23742,2.04912,-0.00060,-0.00291,0.00004,0.00026,0.00017,-0.00000,1.200,0.0636,0.1497,-0.0001,0.4234,0.2500,0.0986,-0.7191,0.2374,-0.0729,0.0241,0.9471,1.0000,69.162,69.289,68.862,68.990
18.080,1.20427,-0.23429,2.03731,-0.00057,-0.00289,0.00004,0.00026,0.00017,-0.00000,1.200,0.0636,0.1497,-0.0001,0.4437,0.2500,0.0970,-0.7095,0.2343,-0.0765,0.0248,0.9445,1.0000,69.164,69.290,68.864,68.991
18.208,1.19418,-0.23106,2.02517,-0.00053,-0.00286,0.00003,0.00026,0.00016,-0.00000,1.200,0.0636,0.1497,-0.0001,0.4632,0.2500,0.0955,-0.6994,0.2311,-0.0801,0.0255,0.9421,1.0000,69.165,69.292,68.866,68.993
18.336,1.18364,-0.22774,2.01271,-0.00050,-0.00284,0.00003,0.00026,0.00015,-0.00000,1.200,0.0636,0.1497,-0.0001,0.4820,0.2500,0.0940,-0.6888,0.2278,-0.0837,0.0261,0.9398,1.0000,69.167,69.294,68.868,68.995
18.464,1.17264,-0.22435,1.99994,-0.00047,-0.00283,0.00003,0.00026,0.00015,-0.00000,1.200,0.0636,0.1497,-0.0001,0.4998,0.2500,0.0924,-0.6778,0.2244,-0.0873,0.0268,0.9375,1.0000,69.170,69.297,68.870,68.997
18.592,1.16118,-0.22088,1.98687,-0.00043,-0.00280,0.00003,0.00026,0.00046,-0.00000,1.200,0.0636,0.1474,-0.0001,0.5168,0.2468,0.0908,-0.6664,0.2209,-0.0908,0.0273,0.9354,1.0000,69.169,69.296,68.874,69.002
18.720,1.14929,-0.21734,1.97350,-0.00040,-0.00260,0.00003,0.00026,0.00206,-0.00000,1.200,0.0636,0.1487,-0.0001,0.5332,0.2408,0.0892,-0.6545,0.2174,-0.0942,0.0278,0.9334,1.0000,69.173,69.300,68.876,69.003
18.848,1.13698,-0.21373,1.95985,-0.00036,-0.00232,0.00003,0.00026,0.00203,-0.00000,1.200,0.0636,0.1510,-0.0001,0.5484,0.2348,0.0876,-0.6422,0.2138,-0.0973,0.0283,0.9314,1.0000,69.178,69.305,68.876,69.003
18.976,1.12429,-0.21007,1.94594,-0.00033,-0.00213,0.00003,0.00026,0.00129,-0.00000,1.200,0.0636,0.1501,-0.0001,0.5625,0.2287,0.0860,-0.6295,0.2101,-0.1001,0.0288,0.9297,1.0000,69.180,69.307,68.879,69.007
19.104,1.11126,-0.20636,1.93178,-0.00030,-0.00196,0.00003,0.00026,0.00141,-0.00000,1.200,0.0636,0.1492,-0.0001,0.5756,0.2226,0.0843,-0.6165,0.2064,-0.1027,0.0292,0.9281,1.0000,69.181,69.308,68.883,69.010
19.232,1.09792,-0.20260,1.91737,-0.00027,-0.00175,0.00003,0.00026,0.00174,-0.00000,1.200,0.0636,0.1497,-0.0001,0.5878,0.2165,0.0827,-0.6031,0.2026,-0.1051,0.0295,0.9265,1.0000,69.185,69.312,68.885,69.012
19.360,1.08430,-0.19879,1.90273,-0.00023,-0.00154,0.00003,0.00025,0.00162,0.00000,1.200,0.0636,0.1501,-0.0001,0.5991,0.2103,0.0811,-0.5895,0.1988,-0.1072,0.0298,0.9251,1.0000,69.188,69.315,68.888,69.015
19.488,1.07043,-0.19495,1.88788,-0.00020,-0.00134,0.00003,0.00025,0.00148,0.00000,1.200,0.0636,0.1498,-0.0001,0.6094,0.2041,0.0794,-0.5756,0.1950,-0.1090,0.0301,0.9238,1.0000,69.191,69.318,68.891,69.018
19.616,1.05635,-0.19107,1.87283,-0.00017,-0.00115,0.00003,0.00025,0.00154,0.00000,1.200,0.0636,0.1497,-0.0001,0.6188,0.1979,0.0778,-0.5615,0.1911,-0.1106,0.0304,0.9226,1.0000,69.194,69.321,68.894,69.022
19.744,1.04208,-0.18717,1.85759,-0.00014,-0.00095,0.00003,0.00025,0.00158,0.00000,1.200,0.0636,0.1499,-0.0001,0.6273,0.1917,0.0762,-0.5473,0.1872,-0.1120,0.0306,0.9216,1.0000,69.198,69.325,68.898,69.025
19.872,1.02766,-0.18325,1.84219,-0.00011,-0.00075,0.00003,0.00024,0.00152,0.00000,1.200,0.0636,0.1499,-0.0001,0.6349,0.1856,0.0746,-0.5329,0.1833,-0.1131,0.0307,0.9206,1.0000,69.202,69.329,68.902,69.029
20.000,1.01311,-0.17931,1.82663,-0.00007,-0.00056,0.00003,0.00024,0.00149,0.00000,1.200,0.0636,0.1498,-0.0001,0.6415,0.1795,0.0729,-0.5183,0.1793,-0.1139,0.0308,0.9198,1.0000,69.206,69.333,68.906,69.033
20.128,0.99848,-0.17536,1.81094,-0.00004,-0.00037,0.00003,0.00024,0.00149,0.00000,1.200,0.0636,0.1498,-0.0001,0.6473,0.1734,0.0713,-0.5037,0.1754,-0.1145,0.0309,0.9191,1.0000,69.210,69.337,68.910,69.038
20.256,0.98379,-0.17140,1.79515,-0.00001,-0.00018,0.00003,0.00024,0.00147,0.00000,1.200,0.0636,0.1499,-0.0001,0.6522,0.1674,0.0697,-0.4890,0.1714,-0.1149,0.0309,0.9185,1.0000,69.215,69.342,68.915,69.043
20.384,0.96907,-0.16744,1.77926,0.00002,0.00001,0.00003,0.00023,0.00144,0.00000,1.200,0.0637,0.1499,-0.0001,0.6562,0.1615,0.0681,-0.4743,0.1675,-0.1150,0.0309,0.9180,1.0000,69.220,69.347,68.920,69.048
20.512,0.95436,-0.16348,1.76331,0.00005,0.00019,0.00003,0.00023,0.00141,0.00000,1.200,0.0637,0.1499,-0.0001,0.6593,0.1556,0.0666,-0.4596,0.1635,-0.1149,0.0309,0.9176,1.0000,69.226,69.353,68.926,69.053
20.640,0.93967,-0.15953,1.74733,0.00008,0.00037,0.00003,0.00023,0.00139,0.00000,1.200,0.0637,0.1499,-0.0001,0.6616,0.1498,0.0650,-0.4449,0.1595,-0.1146,0.0308,0.9173,1.0000,69.232,69.359,68.931,69.059
20.768,0.92504,-0.15559,1.73133,0.00010,0.00055,0.00003,0.00022,0.00136,0.00000,1.200,0.0637,0.1499,-0.0001,0.6630,0.1442,0.0635,-0.4302,0.1556,-0.1141,0.0307,0.9171,1.0000,69.238,69.365,68.938,69.065
20.896,0.91050,-0.15167,1.71535,0.00013,0.00072,0.00003,0.00022,0.00133,0.00000,1.200,0.0637,0.1500,-0.0001,0.6635,0.1386,0.0620,-0.4157,0.1517,-0.1133,0.0306,0.9171,1.0000,69.244,69.372,68.944,69.072
21.024,0.89607,-0.14777,1.69942,0.00016,0.00088,0.00003,0.00021,0.00130,0.00000,1.200,0.0637,0.1500,-0.0001,0.6632,0.1332,0.0605,-0.4013,0.1478,-0.1123,0.0304,0.9171,1.0000,69.251,69.379,68.951,69.079
21.152,0.88179,-0.14389,1.68357,0.00019,0.00105,0.00003,0.00021,0.00126,-0.00000,1.200,0.0637,0.1500,-0.0001,0.6620,0.1279,0.0590,-0.3870,0.1439,-0.1111,0.0302,0.9172,1.0000,69.259,69.386,68.959,69.086
21.280,0.86768,-0.14004,1.66783,0.00021,0.00121,0.00003,0.00021,0.00122,-0.00000,1.200,0.0637,0.1500,-0.0001,0.6600,0.1227,0.0575,-0.3729,0.1401,-0.1097,0.0299,0.9175,1.0000,69.266,69.394,68.966,69.094
21.408,0.85375,-0.13623,1.65225,0.00024,0.00136,0.00003,0.00020,0.00119,-0.00000,1.200,0.0637,0.1500,-0.0001,0.6570,0.1177,0.0561,-0.3590,0.1362,-0.1082,0.0297,0.9179,1.0000,69.274,69.402,68.974,69.102
21.536,0.84005,-0.13246,1.63685,0.00027,0.00151,0.00003,0.00020,0.00115,-0.00000,1.200,0.0637,0.1500,-0.0001,0.6532,0.1129,0.0547,-0.3452,0.1325,-0.1064,0.0294,0.9184,1.0000,69.283,69.410,68.982,69.110
21.664,0.82659,-0.12873,1.62167,0.00029,0.00165,0.00003,0.00019,0.00111,-0.00000,1.200,0.0637,0.1501,-0.0001,0.6484,0.1082,0.0533,-0.3318,0.1287,-0.1044,0.0290,0.9189,1.0000,69.291,69.418,68.991,69.118
21.792,0.81340,-0.12505,1.60677,0.00031,0.00179,0.00003,0.00019,0.00106,-0.00000,1.200,0.0637,0.1501,-0.0001,0.6427,0.1036,0.0520,-0.3186,0.1251,-0.1023,0.0286,0.9197,1.0000,69.300,69.427,68.999,69.127
21.920,0.80049,-0.12142,1.59217,0.00034,0.00192,0.00003,0.00018,0.00102,-0.00000,1.200,0.0637,0.1501,-0.0001,0.6359,0.0993,0.0507,-0.3057,0.1214,-0.1000,0.0282,0.9205,1.0000,69.309,69.436,69.008,69.136
22.048,0.78789,-0.11784,1.57791,0.00036,0.00205,0.00003,0.00018,0.00098,-0.00000,1.200,0.0637,0.1501,-0.0001,0.6281,0.0951,0.0494,-0.2931,0.1178,-0.0975,0.0278,0.9215,1.0000,69.318,69.445,69.017,69.145
22.176,0.77562,-0.11432,1.56404,0.00038,0.00217,0.00003,0.00017,0.00093,-0.00000,1.200,0.0637,0.1502,-0.0001,0.6193,0.0911,0.0482,-0.2808,0.1143,-0.0948,0.0273,0.9226,1.0000,69.326,69.454,69.026,69.154
22.304,0.76371,-0.11086,1.55061,0.00040,0.00229,0.00003,0.00017,0.00088,-0.00000,1.200,0.0638,0.1502,-0.0001,0.6092,0.0873,0.0470,-0.2689,0.1109,-0.0921,0.0268,0.9238,1.0000,69.335,69.463,69.035,69.162
22.432,0.75216,-0.10747,1.53764,0.00042,0.00240,0.00003,0.00016,0.00083,-0.00000,1.200,0.0638,0.1502,-0.0001,0.5981,0.0838,0.0458,-0.2574,0.1075,-0.0891,0.0263,0.9252,1.0000,69.344,69.471,69.043,69.171
22.560,0.74099,-0.10414,1.52518,0.00044,0.00250,0.00003,0.00015,0.00078,-0.00000,1.200,0.0638,0.1502,-0.0001,0.5857,0.0804,0.0446,-0.2462,0.1042,-0.0861,0.0258,0.9268,1.0000,69.352,69.480,69.052,69.179
22.688,0.73023,-0.10089,1.51327,0.00046,0.00259,0.00003,0.00015,0.00073,-0.00000,1.200,0.0638,0.1502,-0.0001,0.5720,0.0772,0.0435,-0.2354,0.1009,-0.0829,0.0252,0.9285,1.0000,69.360,69.488,69.060,69.187
22.816,0.71989,-0.09771,1.50195,0.00048,0.00268,0.00003,0.00014,0.00068,-0.00000,1.200,0.0638,0.1502,-0.0001,0.5570,0.0742,0.0425,-0.2251,0.0977,-0.0796,0.0246,0.9304,1.0000,69.368,69.495,69.067,69.195
22.944,0.70998,-0.09461,1.49124,0.00050,0.00277,0.00003,0.00014,0.00063,-0.00000,1.200,0.0638,0.1503,-0.0001,0.5407,0.0714,0.0415,-0.2152,0.0946,-0.0761,0.0240,0.9324,1.0000,69.375,69.502,69.074,69.202
23.072,0.70052,-0.09159,1.48120,0.00052,0.00284,0.00003,0.00013,0.00058,-0.00000,1.200,0.0638,0.1503,-0.0001,0.5231,0.0689,0.0405,-0.2057,0.0916,-0.0726,0.0234,0.9346,1.0000,69.380,69.508,69.079,69.207
23.200,0.69151,-0.08866,1.47182,0.00053,0.00291,0.00003,0.00012,0.00052,-0.00000,1.200,0.0638,0.1503,-0.0001,0.5043,0.0665,0.0395,-0.1967,0.0887,-0.0690,0.0227,0.9370,1.0000,69.384,69.512,69.084,69.211
23.328,0.68298,-0.08581,1.46315,0.00055,0.00298,0.00003,0.00012,0.00047,-0.00000,1.200,0.0638,0.1503,-0.0001,0.4844,0.0644,0.0386,-0.1882,0.0858,-0.0653,0.0220,0.9394,1.0000,69.388,69.515,69.087,69.215
23.456,0.67492,-0.08305,1.45519,0.00056,0.00303,0.00003,0.00011,0.00042,-0.00000,1.200,0.0638,0.1503,-0.0001,0.4635,0.0625,0.0378,-0.1801,0.0831,-0.0615,0.0213,0.9421,1.0000,69.390,69.517,69.089,69.217
23.584,0.66736,-0.08037,1.44795,0.00058,0.00308,0.00003,0.00010,0.00036,-0.00000,1.200,0.0638,0.1503,-0.0001,0.4417,0.0608,0.0369,-0.1726,0.0804,-0.0577,0.0206,0.9448,1.0000,69.391,69.518,69.090,69.218
23.712,0.66029,-0.07780,1.44144,0.00059,0.00312,0.00003,0.00010,0.00031,-0.00000,1.200,0.0638,0.1503,-0.0001,0.4191,0.0594,0.0362,-0.1655,0.0778,-0.0537,0.0199,0.9476,1.0000,69.391,69.519,69.091,69.218
23.840,0.65372,-0.07531,1.43567,0.00060,0.00316,0.00003,0.00009,0.00026,-0.00000,1.200,0.0638,0.1503,-0.0001,0.3957,0.0581,0.0354,-0.1589,0.0753,-0.0498,0.0191,0.9505,1.0000,69.391,69.518,69.090,69.218
23.968,0.64767,-0.07293,1.43062,0.00061,0.00319,0.00003,0.00008,0.00020,-0.00000,1.200,0.0638,0.1503,-0.0001,0.3716,0.0571,0.0347,-0.1529,0.0729,-0.0458,0.0184,0.9535,1.0000,69.390,69.517,69.089,69.217
24.096,0.64213,-0.07064,1.42629,0.00062,0.00321,0.00003,0.00008,0.00015,-0.00000,1.200,0.0638,0.1503,-0.0001,0.3470,0.0563,0.0341,-0.1473,0.0706,-0.0418,0.0176,0.9566,1.0000,69.388,69.516,69.088,69.215
24.224,0.63711,-0.06845,1.42268,0.00063,0.00322,0.00003,0.00007,0.00009,-0.00000,1.200,0.0638,0.1503,-0.0001,0.3218,0.0557,0.0335,-0.1423,0.0685,-0.0377,0.0168,0.9598,1.0000,69.386,69.514,69.085,69.213
24.352,0.63261,-0.06637,1.41978,0.00064,0.00323,0.00003,0.00006,0.00004,-0.00000,1.200,0.0638,0.1503,-0.0001,0.2962,0.0553,0.0330,-0.1378,0.0664,-0.0336,0.0160,0.9630,1.0000,69.384,69.511,69.083,69.211
24.480,0.62863,-0.06439,1.41757,0.00065,0.00323,0.00003,0.00006,-0.00001,-0.00000,1.200,0.0638,0.1503,-0.0001,0.2701,0.0552,0.0324,-0.1338,0.0644,-0.0296,0.0152,0.9662,1.0000,69.381,69.508,69.080,69.208
24.608,0.62517,-0.06251,1.41604,0.00065,0.00323,0.00003,0.00005,-0.00007,-0.00000,1.200,0.0638,0.1503,-0.0001,0.2438,0.0552,0.0320,-0.1304,0.0625,-0.0255,0.0144,0.9695,1.0000,69.377,69.505,69.077,69.204
24.736,0.62223,-0.06074,1.41518,0.00066,0.00321,0.00003,0.00005,-0.00012,-0.00000,1.200,0.0638,0.1503,-0.0001,0.2171,0.0555,0.0316,-0.1274,0.0607,-0.0214,0.0135,0.9729,1.0000,69.374,69.501,69.073,69.201
24.864,0.61981,-0.05907,1.41497,0.00067,0.00319,0.00003,0.00004,-0.00017,-0.00000,1.200,0.0638,0.1502,-0.0001,0.1903,0.0559,0.0312,-0.1250,0.0591,-0.0174,0.0127,0.9762,1.0000,69.370,69.497,69.069,69.197
24.992,0.61790,-0.05751,1.41538,0.00067,0.00317,0.00003,0.00003,-0.00022,0.00000,1.200,0.0638,0.1502,-0.0001,0.1634,0.0566,0.0309,-0.1231,0.0575,-0.0134,0.0119,0.9796,1.0000,69.366,69.493,69.065,69.193
25.120,0.61650,-0.05606,1.41641,0.00067,0.00314,0.00003,0.00003,-0.00027,0.00000,1.200,0.0638,0.1502,-0.0001,0.1364,0.0574,0.0306,-0.1217,0.0561,-0.0094,0.0110,0.9830,1.0000,69.362,69.489,69.061,69.189
25.248,0.61562,-0.05472,1.41804,0.00068,0.00310,0.00003,0.00002,-0.00032,0.00000,1.200,0.0638,0.1502,-0.0001,0.1093,0.0584,0.0303,-0.1208,0.0547,-0.0055,0.0102,0.9863,1.0000,69.358,69.485,69.057,69.185
25.376,0.61523,-0.05349,1.42024,0.00068,0.00305,0.00003,0.00001,-0.00037,0.00000,1.200,0.0638,0.1502,-0.0001,0.0823,0.0596,0.0301,-0.1204,0.0535,-0.0016,0.0093,0.9897,1.0000,69.354,69.481,69.053,69.181
25.504,0.61533,-0.05237,1.42299,0.00068,0.00300,0.00003,0.00001,-0.00042,0.00000,1.200,0.0638,0.1502,-0.0001,0.0554,0.0610,0.0300,-0.1205,0.0524,0.0022,0.0084,0.9931,1.0000,69.350,69.477,69.050,69.177
25.632,0.61591,-0.05136,1.42629,0.00068,0.00294,0.00003,-0.00000,-0.00046,0.00000,1.200,0.0638,0.1502,-0.0001,0.0286,0.0625,0.0299,-0.1211,0.0514,0.0060,0.0076,0.9964,1.0000,69.346,69.474,69.046,69.174
25.760,0.61697,-0.05045,1.43011,0.00068,0.00288,0.00003,-0.00001,-0.00051,0.00000,1.200,0.0638,0.1502,-0.0001,0.0020,0.0642,0.0298,-0.1222,0.0505,0.0097,0.0067,0.9997,1.0000,69.343,69.470,69.042,69.170
25.888,0.61850,-0.04966,1.43443,0.00068,0.00282,0.00003,0.00002,-0.00048,0.00000,1.200,0.0638,0.1500,-0.0001,-0.0244,0.0661,0.0298,-0.1237,0.0497,0.0133,0.0059,0.9969,1.0000,69.339,69.466,69.039,69.167
26.016,0.62048,-0.04898,1.43924,0.00068,0.00276,0.00003,0.00001,-0.00042,0.00000,1.200,0.0638,0.1502,-0.0001,-0.0506,0.0681,0.0298,-0.1257,0.0490,0.0168,0.0050,0.9937,1.0000,69.336,69.464,69.036,69.163
26.144,0.62290,-0.04840,1.44453,0.00068,0.00270,0.00003,0.00000,-0.00050,0.00000,1.200,0.0638,0.1502,-0.0001,-0.0766,0.0703,0.0299,-0.1281,0.0484,0.0202,0.0042,0.9904,1.0000,69.333,69.461,69.033,69.160
26.272,0.62576,-0.04794,1.45027,0.00068,0.00263,0.00003,-0.00000,-0.00057,0.00000,1.200,0.0638,0.1501,-0.0001,-0.1023,0.0726,0.0300,-0.1310,0.0479,0.0236,0.0033,0.9872,1.0000,69.331,69.458,69.030,69.158
26.400,0.62904,-0.04758,1.45647,0.00068,0.00256,0.00003,-0.00001,-0.00058,0.00000,1.200,0.0638,0.1501,-0.0001,-0.1278,0.0751,0.0302,-0.1342,0.0476,0.0269,0.0024,0.9840,1.0000,69.328,69.455,69.028,69.155
26.528,0.63274,-0.04734,1.46310,0.00068,0.00248,0.00003,-0.00002,-0.00059,0.00000,1.200,0.0637,0.1501,-0.0001,-0.1530,0.0777,0.0304,-0.1379,0.0473,0.0301,0.0016,0.9809,1.0000,69.326,69.453,69.025,69.153
26.656,0.63684,-0.04720,1.47016,0.00068,0.00240,0.00003,-0.00002,-0.00064,-0.00000,1.200,0.0637,0.1501,-0.0001,-0.1779,0.0804,0.0306,-0.1420,0.0472,0.0331,0.0007,0.9778,1.0000,69.324,69.451,69.024,69.151
26.784,0.64132,-0.04718,1.47763,0.00067,0.00232,0.00003,-0.00003,-0.00067,-0.00000,1.200,0.0637,0.1501,-0.0001,-0.2025,0.0833,0.0309,-0.1465,0.0472,0.0361,-0.0001,0.9747,1.0000,69.323,69.450,69.022,69.150
26.912,0.64618,-0.04726,1.48552,0.00067,0.00223,0.00003,-0.00004,-0.00068,-0.00000,1.200,0.0637,0.1501,-0.0001,-0.2268,0.0862,0.0312,-0.1514,0.0473,0.0390,-0.0010,0.9716,1.0000,69.321,69.448,69.021,69.149
27.040,0.65139,-0.04745,1.49381,0.00066,0.00214,0.00003,-0.00004,-0.00070,-0.00000,1.200,0.0637,0.1501,-0.0001,-0.2509,0.0893,0.0316,-0.1566,0.0475,0.0418,-0.0018,0.9686,1.0000,69.320,69.447,69.020,69.147
27.168,0.65695,-0.04775,1.50250,0.00066,0.00205,0.00003,-0.00005,-0.00073,-0.00000,1.200,0.0637,0.1501,-0.0001,-0.2746,0.0924,0.0320,-0.1622,0.0478,0.0444,-0.0026,0.9657,1.0000,69.319,69.447,69.019,69.147
27.296,0.66285,-0.04815,1.51159,0.00065,0.00196,0.00003,-0.00005,-0.00075,-0.00000,1.200,0.0637,0.1501,-0.0001,-0.2981,0.0957,0.0325,-0.1680,0.0482,0.0470,-0.0035,0.9627,1.0000,69.318,69.446,69.018,69.146
27.424,0.66905,-0.04866,1.52107,0.00064,0.00186,0.00003,-0.00006,-0.00076,-0.00000,1.200,0.0637,0.1501,-0.0001,-0.3212,0.0990,0.0330,-0.1743,0.0487,0.0494,-0.0043,0.9598,1.0000,69.317,69.444,69.016,69.144
27.552,0.67556,-0.04927,1.53093,0.00064,0.00176,0.00003,-0.00007,-0.00078,-0.00000,1.200,0.0637,0.1501,-0.0001,-0.3439,0.1024,0.0335,-0.1808,0.0493,0.0517,-0.0051,0.9570,1.0000,69.315,69.442,69.015,69.142
27.680,0.68235,-0.04998,1.54117,0.00063,0.00166,0.00003,-0.00007,-0.00079,0.00000,1.200,0.0637,0.1501,-0.0001,-0.3660,0.1059,0.0340,-0.1876,0.0500,0.0539,-0.0059,0.9542,1.0000,69.313,69.440,69.013,69.141
27.808,0.68941,-0.05079,1.55178,0.00062,0.00156,0.00003,-0.00008,-0.00081,0.00000,1.200,0.0637,0.1501,-0.0001,-0.3875,0.1094,0.0346,-0.1946,0.0508,0.0559,-0.0067,0.9516,1.0000,69.311,69.438,69.011,69.138
27.936,0.69672,-0.05171,1.56274,0.00061,0.00145,0.00003,-0.00008,-0.00082,0.00000,1.200,0.0637,0.1500,-0.0001,-0.4083,0.1130,0.0353,-0.2019,0.0517,0.0578,-0.0074,0.9490,1.0000,69.309,69.436,69.008,69.136
28.064,0.70427,-0.05272,1.57405,0.00060,0.00135,0.00003,-0.00009,-0.00083,0.00000,1.200,0.0637,0.1500,-0.0001,-0.4282,0.1166,0.0360,-0.2095,0.0527,0.0596,-0.0082,0.9465,1.0000,69.306,69.434,69.006,69.134
28.192,0.71203,-0.05383,1.58570,0.00058,0.00124,0.00003,-0.00009,-0.00083,0.00000,1.200,0.0637,0.1500,-0.0001,-0.4474,0.1203,0.0367,-0.2172,0.0538,0.0612,-0.0089,0.9441,1.0000,69.304,69.431,69.004,69.131
28.320,0.71999,-0.05503,1.59767,0.00057,0.00113,0.00003,-0.00010,-0.00084,0.00000,1.200,0.0637,0.1500,-0.0001,-0.4657,0.1240,0.0374,-0.2252,0.0550,0.0628,-0.0097,0.9418,1.0000,69.302,69.429,69.001,69.129
28.448,0.72813,-0.05632,1.60996,0.00056,0.00103,0.00003,-0.00010,-0.00085,0.00000,1.200,0.0637,0.1500,-0.0001,-0.4832,0.1278,0.0382,-0.2333,0.0563,0.0641,-0.0104,0.9396,1.0000,69.299,69.426,68.999,69.127
28.576,0.73644,-0.05770,1.62254,0.00055,0.00092,0.00003,-0.00011,-0.00085,0.00000,1.200,0.0637,0.1500,-0.0001,-0.4997,0.1315,0.0390,-0.2416,0.0577,0.0654,-0.0111,0.9375,1.0000,69.297,69.424,68.996,69.124
28.704,0.74490,-0.05918,1.63542,0.00053,0.00081,0.00003,-0.00011,-0.00085,0.00000,1.200,0.0637,0.1500,-0.0001,-0.5153,0.1353,0.0398,-0.2501,0.0592,0.0665,-0.0117,0.9356,1.0000,69.294,69.421,68.994,69.121
28.832,0.75348,-0.06073,1.64858,0.00052,0.00070,0.00003,-0.00011,-0.00085,0.00000,1.200,0.0637,0.1500,-0.0001,-0.5300,0.1391,0.0406,-0.2587,0.0607,0.0674,-0.0124,0.9338,1.0000,69.291,69.419,68.991,69.119
28.960,0.76218,-0.06237,1.66200,0.00050,0.00059,0.00003,-0.00012,-0.00085,0.00000,1.200,0.0637,0.1500,-0.0001,-0.5437,0.1428,0.0415,-0.2674,0.0624,0.0683,-0.0131,0.9320,1.0000,69.289,69.416,68.988,69.116
29.088,0.77098,-0.06409,1.67568,0.00049,0.00048,0.00003,-0.00012,-0.00085,0.00000,1.200,0.0637,0.1500,-0.0001,-0.5565,0.1466,0.0424,-0.2762,0.0641,0.0690,-0.0137,0.9304,1.0000,69.286,69.413,68.985,69.113
29.216,0.77985,-0.06589,1.68960,0.00047,0.00037,0.00003,-0.00013,-0.00085,0.00000,1.200,0.0637,0.1500,-0.0001,-0.5684,0.1503,0.0434,-0.2851,0.0659,0.0695,-0.0143,0.9290,1.0000,69.283,69.410,68.983,69.110
29.344,0.78878,-0.06777,1.70374,0.00045,0.00026,0.00003,-0.00013,-0.00085,0.00000,1.200,0.0637,0.1500,-0.0001,-0.5793,0.1541,0.0443,-0.2940,0.0678,0.0699,-0.0149,0.9276,1.0000,69.280,69.407,68.979,69.107
29.472,0.79776,-0.06972,1.71810,0.00044,0.00016,0.00003,-0.00013,-0.00084,0.00000,1.200,0.0637,0.1500,-0.0001,-0.5893,0.1578,0.0453,-0.3030,0.0697,0.0702,-0.0154,0.9263,1.0000,69.276,69.403,68.976,69.104
29.600,0.80675,-0.07173,1.73265,0.00042,0.00005,0.00003,-0.00014,-0.00083,0.00000,1.200,0.0637,0.1499,-0.0001,-0.5984,0.1614,0.0463,-0.3120,0.0717,0.0703,-0.0160,0.9252,1.0000,69.273,69.400,68.973,69.100
29.728,0.81576,-0.07382,1.74738,0.00040,-0.00006,0.00003,-0.00014,-0.00083,0.00000,1.200,0.0637,0.1499,-0.0001,-0.6065,0.1650,0.0473,-0.3210,0.0738,0.0704,-0.0165,0.9242,1.0000,69.269,69.396,68.969,69.097
29.856,0.82476,-0.07597,1.76227,0.00038,-0.00016,0.00003,-0.00014,-0.00082,0.00000,1.200,0.0637,0.1499,-0.0001,-0.6138,0.1686,0.0483,-0.3300,0.0760,0.0702,-0.0170,0.9233,1.0000,69.265,69.392,68.965,69.093
29.984,0.83373,-0.07818,1.77730,0.00037,-0.00027,0.00003,-0.00015,-0.00081,0.00000,1.200,0.0637,0.1499,-0.0001,-0.6202,0.1721,0.0494,-0.3389,0.0782,0.0700,-0.0175,0.9225,1.0000,69.261,69.388,68.961,69.088
30.112,0.84266,-0.08046,1.79247,0.00035,-0.00037,0.00003,-0.00015,-0.00080,0.00000,1.200,0.0637,0.1499,-0.0001,-0.6257,0.1755,0.0505,-0.3479,0.0805,0.0696,-0.0179,0.9218,1.0000,69.256,69.384,68.956,69.084
30.240,0.85153,-0.08278,1.80773,0.00033,-0.00047,0.00003,-0.00015,-0.00078,0.00000,1.200,0.0637,0.1499,-0.0001,-0.6303,0.1789,0.0515,-0.3567,0.0828,0.0691,-0.0183,0.9212,1.0000,69.252,69.379,68.952,69.079
30.368,0.86032,-0.08516,1.82308,0.00031,-0.00057,0.00003,-0.00015,-0.00077,0.00000,1.200,0.0637,0.1499,-0.0001,-0.6340,0.1822,0.0526,-0.3655,0.0852,0.0685,-0.0187,0.9207,1.0000,69.247,69.374,68.947,69.074
30.496,0.86903,-0.08759,1.83848,0.00029,-0.00067,0.00003,-0.00016,-0.00075,0.00000,1.200,0.0637,0.1499,-0.0001,-0.6369,0.1854,0.0537,-0.3742,0.0876,0.0677,-0.0191,0.9204,1.0000,69.241,69.368,68.941,69.069
30.624,0.87762,-0.09007,1.85392,0.00027,-0.00076,0.00003,-0.00016,-0.00074,0.00000,1.200,0.0637,0.1498,-0.0001,-0.6390,0.1885,0.0548,-0.3828,0.0901,0.0668,-0.0195,0.9201,1.0000,69.235,69.362,68.935,69.063
30.752,0.88609,-0.09259,1.86937,0.00025,-0.00086,0.00003,-0.00016,-0.00072,0.00000,1.200,0.0637,0.1498,-0.0001,-0.6402,0.1916,0.0560,-0.3913,0.0926,0.0658,-0.0198,0.9200,1.0000,69.229,69.356,68.929,69.057
30.880,0.89443,-0.09514,1.88479,0.00023,-0.00095,0.00003,-0.00016,-0.00070,0.00000,1.200,0.0637,0.1498,-0.0001,-0.6405,0.1945,0.0571,-0.3996,0.0952,0.0647,-0.0201,0.9199,1.0000,69.223,69.350,68.923,69.051
31.008,0.90261,-0.09774,1.90016,0.00020,-0.00104,0.00003,-0.00016,-0.00069,0.00000,1.200,0.0636,0.1498,-0.0001,-0.6400,0.1973,0.0582,-0.4078,0.0978,0.0635,-0.0204,0.9200,1.0000,69.216,69.343,68.916,69.044
31.136,0.91063,-0.10037,1.91545,0.00018,-0.00112,0.00003,-0.00017,-0.00067,0.00000,1.200,0.0636,0.1498,-0.0001,-0.6386,0.2001,0.0594,-0.4158,0.1004,0.0621,-0.0206,0.9202,1.0000,69.209,69.336,68.909,69.037
31.264,0.91847,-0.10302,1.93062,0.00016,-0.00121,0.00003,-0.00017,-0.00065,0.00000,1.200,0.0636,0.1498,-0.0001,-0.6364,0.2027,0.0605,-0.4237,0.1030,0.0607,-0.0208,0.9205,1.0000,69.202,69.329,68.902,69.029
31.392,0.92611,-0.10570,1.94564,0.00014,-0.00129,0.00003,-0.00017,-0.00063,0.00000,1.200,0.0636,0.1498,-0.0001,-0.6333,0.2052,0.0616,-0.4313,0.1057,0.0591,-0.0210,0.9208,1.0000,69.194,69.321,68.894,69.022
31.520,0.93355,-0.10841,1.96048,0.00012,-0.00136,0.00003,-0.00017,-0.00060,0.00000,1.200,0.0636,0.1497,-0.0001,-0.6293,0.2076,0.0628,-0.4387,0.1084,0.0575,-0.0212,0.9213,1.0000,69.186,69.313,68.886,69.014
31.648,0.94077,-0.11113,1.97509,0.00010,-0.00144,0.00003,-0.00017,-0.00058,0.00000,1.200,0.0636,0.1497,-0.0001,-0.6243,0.2099,0.0639,-0.4460,0.1111,0.0557,-0.0213,0.9220,1.0000,69.178,69.305,68.878,69.006
31.776,0.94775,-0.11387,1.98944,0.00007,-0.00151,0.00003,-0.00017,-0.00056,0.00000,1.200,0.0636,0.1497,-0.0001,-0.6184,0.2120,0.0651,-0.4530,0.1139,0.0539,-0.0214,0.9227,1.0000,69.170,69.297,68.870,68.998
31.904,0.95450,-0.11663,2.00350,0.00005,-0.00158,0.00003,-0.00017,-0.00054,0.00000,1.200,0.0636,0.1497,-0.0001,-0.6116,0.2141,0.0662,-0.4597,0.1166,0.0520,-0.0215,0.9236,1.0000,69.162,69.288,68.862,68.989
32.032,0.96099,-0.11939,2.01722,0.00003,-0.00165,0.00003,-0.00017,-0.00051,0.00000,1.200,0.0636,0.1497,-0.0001,-0.6037,0.2160,0.0673,-0.4662,0.1194,0.0499,-0.0216,0.9245,1.0000,69.153,69.280,68.854,68.981
32.160,0.96722,-0.12215,2.03056,0.00001,-0.00171,0.00003,-0.00017,-0.00049,0.00000,1.200,0.0636,0.1496,-0.0001,-0.5948,0.2177,0.0684,-0.4724,0.1222,0.0479,-0.0216,0.9257,1.0000,69.145,69.272,68.845,68.973
32.288,0.97317,-0.12492,2.04349,-0.00001,-0.00177,0.00003,-0.00017,-0.00046,0.00000,1.200,0.0636,0.1496,-0.0001,-0.5847,0.2193,0.0695,-0.4784,0.1249,0.0457,-0.0216,0.9269,1.0000,69.136,69.263,68.837,68.964
32.416,0.97884,-0.12768,2.05597,-0.00004,-0.00183,0.00003,-0.00018,-0.00044,0.00000,1.200,0.0636,0.1496,-0.0001,-0.5736,0.2208,0.0706,-0.4840,0.1277,0.0434,-0.0216,0.9283,1.0000,69.128,69.255,68.829,68.956
32.544,0.98421,-0.13044,2.06795,-0.00006,-0.00189,0.00003,-0.00018,-0.00041,0.00000,1.200,0.0636,0.1496,-0.0001,-0.5612,0.2222,0.0717,-0.4894,0.1305,0.0411,-0.0215,0.9298,1.0000,69.120,69.247,68.821,68.948
32.672,0.98928,-0.13319,2.07941,-0.00008,-0.00194,0.00003,-0.00018,-0.00039,0.00000,1.200,0.0636,0.1496,-0.0001,-0.5477,0.2233,0.0728,-0.4945,0.1332,0.0387,-0.0214,0.9315,1.0000,69.113,69.240,68.813,68.941
32.800,0.99405,-0.13593,2.09030,-0.00010,-0.00198,0.00003,-0.00018,-0.00036,0.00000,1.200,0.0635,0.1496,-0.0001,-0.5329,0.2244,0.0738,-0.4992,0.1359,0.0363,-0.0213,0.9334,1.0000,69.106,69.232,68.806,68.934
32.928,0.99849,-0.13864,2.10060,-0.00013,-0.00203,0.00003,-0.00018,-0.00034,0.00000,1.200,0.0635,0.1495,-0.0001,-0.5168,0.2253,0.0749,-0.5037,0.1387,0.0338,-0.0212,0.9354,1.0000,69.099,69.226,68.799,68.927
33.056,1.00261,-0.14134,2.11027,-0.00015,-0.00207,0.00003,-0.00018,-0.00031,0.00000,1.200,0.0635,0.1495,-0.0001,-0.4995,0.2261,0.0759,-0.5078,0.1414,0.0312,-0.0210,0.9376,1.0000,69.093,69.220,68.794,68.921
33.184,1.00640,-0.14402,2.11929,-0.00017,-0.00211,0.00003,-0.00018,-0.00028,0.00000,1.200,0.0635,0.1495,-0.0001,-0.4809,0.2267,0.0769,-0.5116,0.1440,0.0286,-0.0208,0.9399,1.0000,69.089,69.215,68.789,68.917
33.312,1.00986,-0.14667,2.12764,-0.00019,-0.00214,0.00003,-0.00017,-0.00026,0.00000,1.200,0.0635,0.1495,-0.0001,-0.4612,0.2271,0.0779,-0.5151,0.1467,0.0260,-0.0206,0.9423,1.0000,69.085,69.212,68.786,68.913
33.440,1.01297,-0.14928,2.13529,-0.00022,-0.00217,0.00003,-0.00017,-0.00023,0.00000,1.200,0.0635,0.1495,-0.0001,-0.4405,0.2274,0.0788,-0.5182,0.1493,0.0233,-0.0203,0.9449,1.0000,69.083,69.210,68.784,68.911
33.568,1.01573,-0.15186,2.14224,-0.00024,-0.00220,0.00003,-0.00017,-0.00019,0.00000,1.200,0.0635,0.1495,-0.0001,-0.4189,0.2276,0.0798,-0.5209,0.1519,0.0206,-0.0201,0.9476,1.0000,69.082,69.208,68.782,68.910
33.696,1.01814,-0.15441,2.14849,-0.00026,-0.00222,0.00003,-0.00017,-0.00016,0.00000,1.200,0.0635,0.1495,-0.0001,-0.3965,0.2276,0.0807,-0.5233,0.1544,0.0178,-0.0198,0.9504,1.0000,69.081,69.208,68.782,68.909
33.824,1.02019,-0.15691,2.15402,-0.00028,-0.00224,0.00003,-0.00017,-0.00013,0.00000,1.200,0.0635,0.1495,-0.0001,-0.3733,0.2274,0.0816,-0.5254,0.1569,0.0150,-0.0194,0.9533,1.0000,69.081,69.208,68.782,68.909
33.952,1.02189,-0.15937,2.15885,-0.00030,-0.00225,0.00003,-0.00017,-0.00010,0.00000,1.200,0.0635,0.1495,-0.0001,-0.3495,0.2271,0.0824,-0.5271,0.1594,0.0122,-0.0191,0.9563,1.0000,69.082,69.209,68.783,68.910
34.080,1.02323,-0.16178,2.16297,-0.00032,-0.00226,0.00003,-0.00016,-0.00006,0.00000,1.200,0.0635,0.1495,-0.0001,-0.3250,0.2267,0.0833,-0.5284,0.1618,0.0094,-0.0187,0.9594,1.0000,69.083,69.210,68.784,68.911
34.208,1.02420,-0.16413,2.16639,-0.00034,-0.00227,0.00003,-0.00016,-0.00003,0.00000,1.200,0.0635,0.1495,-0.0001,-0.3001,0.2261,0.0841,-0.5294,0.1642,0.0066,-0.0183,0.9625,1.0000,69.085,69.212,68.786,68.913
34.336,1.02482,-0.16644,2.16912,-0.00036,-0.00227,0.00003,-0.00016,0.00001,0.00000,1.200,0.0635,0.1495,-0.0001,-0.2747,0.2253,0.0848,-0.5300,0.1665,0.0037,-0.0178,0.9657,1.0000,69.088,69.214,68.788,68.916
34.464,1.02507,-0.16868,2.17117,-0.00038,-0.00227,0.00003,-0.00015,0.00004,0.00000,1.200,0.0635,0.1495,-0.0001,-0.2489,0.2244,0.0856,-0.5303,0.1687,0.0009,-0.0174,0.9689,1.0000,69.090,69.217,68.791,68.918
34.592,1.02495,-0.17086,2.17255,-0.00040,-0.00226,0.00003,-0.00015,0.00008,0.00000,1.200,0.0635,0.1495,-0.0001,-0.2229,0.2234,0.0863,-0.5302,0.1709,-0.0019,-0.0169,0.9721,1.0000,69.093,69.220,68.794,68.921
34.720,1.02448,-0.17298,2.17328,-0.00042,-0.00224,0.00003,-0.00014,0.00011,0.00000,1.200,0.0635,0.1495,-0.0001,-0.1965,0.2222,0.0869,-0.5297,0.1730,-0.0048,-0.0164,0.9754,1.0000,69.097,69.223,68.797,68.925
34.848,1.02365,-0.17503,2.17338,-0.00044,-0.00223,0.00003,-0.00014,0.00015,0.00000,1.200,0.0635,0.1495,-0.0001,-0.1700,0.2209,0.0876,-0.5288,0.1750,-0.0076,-0.0158,0.9787,1.0000,69.100,69.227,68.801,68.928
34.976,1.02246,-0.17701,2.17285,-0.00046,-0.00221,0.00003,-0.00014,0.00018,0.00000,1.200,0.0635,0.1495,-0.0001,-0.1434,0.2194,0.0882,-0.5277,0.1770,-0.0103,-0.0153,0.9821,1.0000,69.104,69.231,68.804,68.932
35.104,1.02092,-0.17892,2.17171,-0.00047,-0.00218,0.00003,-0.00013,0.00022,0.00000,1.200,0.0635,0.1496,-0.0001,-0.1166,0.2179,0.0887,-0.5261,0.1789,-0.0131,-0.0147,0.9854,1.0000,69.107,69.234,68.808,68.935
35.232,1.01902,-0.18075,2.16999,-0.00049,-0.00215,0.00003,-0.00013,0.00026,0.00000,1.200,0.0635,0.1496,-0.0001,-0.0899,0.2162,0.0892,-0.5242,0.1808,-0.0158,-0.0141,0.9888,1.0000,69.111,69.238,68.812,68.939
35.360,1.01679,-0.18250,2.16770,-0.00051,-0.00211,0.00003,-0.00012,0.00029,0.00000,1.200,0.0635,0.1496,-0.0001,-0.0632,0.2143,0.0897,-0.5220,0.1825,-0.0185,-0.0135,0.9921,1.0000,69.115,69.242,68.815,68.943
35.488,1.01422,-0.18417,2.16485,-0.00052,-0.00207,0.00003,-0.00011,0.00033,0.00000,1.200,0.0636,0.1496,-0.0001,-0.0366,0.2124,0.0902,-0.5194,0.1842,-0.0211,-0.0128,0.9954,1.0000,69.118,69.245,68.819,68.946
35.616,1.01131,-0.18576,2.16147,-0.00054,-0.00203,0.00003,-0.00011,0.00036,0.00000,1.200,0.0636,0.1496,-0.0001,-0.0100,0.2103,0.0906,-0.5165,0.1858,-0.0237,-0.0122,0.9987,1.0000,69.122,69.249,68.822,68.950
35.744,1.00808,-0.18726,2.15756,-0.00054,-0.00197,0.00004,0.00001,0.00050,0.00001,1.200,0.0635,0.1490,-0.0002,0.0163,0.2082,0.0909,-0.5133,0.1873,-0.0262,-0.0115,0.9980,1.0000,69.125,69.251,68.826,68.954
35.872,1.00454,-0.18868,2.15315,-0.00054,-0.00188,0.00004,-0.00001,0.00091,0.00001,1.200,0.0636,0.1494,-0.0002,0.0426,0.2059,0.0913,-0.5097,0.1887,-0.0286,-0.0108,0.9947,1.0000,69.128,69.255,68.829,68.957
36.000,1.00070,-0.19000,2.14824,-0.00054,-0.00176,0.00004,0.00000,0.00088,0.00000,1.200,0.0636,0.1500,-0.0002,0.0686,0.2036,0.0915,-0.5059,0.1900,-0.0309,-0.0101,0.9914,1.0000,69.132,69.259,68.832,68.959
36.128,0.99657,-0.19124,2.14286,-0.00054,-0.00166,0.00004,0.00001,0.00071,0.00000,1.200,0.0636,0.1497,-0.0002,0.0943,0.2011,0.0918,-0.5018,0.1913,-0.0330,-0.0094,0.9882,1.0000,69.134,69.261,68.834,68.962
36.256,0.99218,-0.19240,2.13702,-0.00054,-0.00157,0.00004,0.00001,0.00077,0.00000,1.200,0.0636,0.1495,-0.0002,0.1198,0.1987,0.0920,-0.4974,0.1924,-0.0351,-0.0088,0.9850,1.0000,69.136,69.263,68.837,68.965
36.384,0.98754,-0.19346,2.13072,-0.00054,-0.00146,0.00004,0.00002,0.00085,0.00000,1.200,0.0636,0.1497,-0.0002,0.1451,0.1962,0.0922,-0.4927,0.1935,-0.0370,-0.0081,0.9819,1.0000,69.139,69.266,68.839,68.967
36.512,0.98266,-0.19444,2.12398,-0.00054,-0.00135,0.00004,0.00002,0.00083,-0.00000,1.200,0.0636,0.1497,-0.0002,0.1701,0.1936,0.0924,-0.4879,0.1945,-0.0387,-0.0074,0.9787,1.0000,69.141,69.268,68.841,68.968
36.640,0.97757,-0.19534,2.11680,-0.00053,-0.00125,0.00004,0.00003,0.00080,-0.00000,1.200,0.0636,0.1497,-0.0001,0.1948,0.1910,0.0925,-0.4828,0.1954,-0.0404,-0.0067,0.9756,1.0000,69.142,69.269,68.843,68.970
36.768,0.97228,-0.19615,2.10921,-0.00053,-0.00114,0.00004,0.00003,0.00082,-0.00000,1.200,0.0636,0.1497,-0.0001,0.2193,0.1883,0.0926,-0.4775,0.1962,-0.0419,-0.0061,0.9726,1.0000,69.144,69.271,68.844,68.972
36.896,0.96680,-0.19687,2.10119,-0.00053,-0.00104,0.00004,0.00004,0.00083,-0.00000,1.200,0.0636,0.1497,-0.0001,0.2435,0.1856,0.0926,-0.4720,0.1969,-0.0433,-0.0054,0.9696,1.0000,69.145,69.272,68.845,68.973
37.024,0.96116,-0.19751,2.09276,-0.00052,-0.00093,0.00004,0.00004,0.00082,-0.00000,1.200,0.0636,0.1497,-0.0001,0.2674,0.1830,0.0927,-0.4664,0.1975,-0.0445,-0.0047,0.9666,1.0000,69.146,69.273,68.846,68.974
37.152,0.95537,-0.19807,2.08392,-0.00052,-0.00083,0.00004,0.00004,0.00082,-0.00000,1.200,0.0636,0.1497,-0.0001,0.2910,0.1802,0.0927,-0.4606,0.1981,-0.0457,-0.0041,0.9636,1.0000,69.148,69.275,68.848,68.975
37.280,0.94945,-0.19854,2.07468,-0.00051,-0.00072,0.00004,0.00005,0.00082,-0.00000,1.200,0.0636,0.1497,-0.0001,0.3142,0.1775,0.0926,-0.4546,0.1986,-0.0466,-0.0035,0.9607,1.0000,69.149,69.276,68.850,68.977
37.408,0.94341,-0.19893,2.06504,-0.00050,-0.00062,0.00004,0.00005,0.00081,-0.00000,1.200,0.0636,0.1497,-0.0001,0.3369,0.1748,0.0926,-0.4486,0.1989,-0.0475,-0.0028,0.9579,1.0000,69.152,69.278,68.852,68.979
37.536,0.93727,-0.19924,2.05503,-0.00050,-0.00052,0.00003,0.00006,0.00080,-0.00000,1.200,0.0636,0.1497,-0.0001,0.3589,0.1721,0.0925,-0.4425,0.1993,-0.0482,-0.0022,0.9551,1.0000,69.154,69.281,68.854,68.981
37.664,0.93105,-0.19948,2.04464,-0.00049,-0.00041,0.00003,0.00006,0.00079,-0.00000,1.200,0.0636,0.1497,-0.0001,0.3804,0.1694,0.0923,-0.4362,0.1995,-0.0488,-0.0016,0.9525,1.0000,69.156,69.283,68.856,68.984
37.792,0.92476,-0.19963,2.03389,-0.00048,-0.00031,0.00003,0.00006,0.00078,-0.00000,1.200,0.0636,0.1497,-0.0001,0.4011,0.1667,0.0922,-0.4300,0.1996,-0.0493,-0.0010,0.9499,1.0000,69.158,69.285,68.859,68.986
37.920,0.91842,-0.19971,2.02278,-0.00047,-0.00022,0.00003,0.00006,0.00076,-0.00000,1.200,0.0636,0.1497,-0.0001,0.4210,0.1641,0.0920,-0.4236,0.1997,-0.0496,-0.0004,0.9474,1.0000,69.161,69.288,68.861,68.989
38.048,0.91204,-0.19971,2.01134,-0.00046,-0.00012,0.00003,0.00007,0.00075,-0.00000,1.200,0.0636,0.1498,-0.0001,0.4400,0.1614,0.0918,-0.4172,0.1997,-0.0499,0.0002,0.9450,1.0000,69.163,69.290,68.864,68.991
38.176,0.90565,-0.19963,1.99958,-0.00046,-0.00002,0.00003,0.00007,0.00073,-0.00000,1.200,0.0636,0.1498,-0.0001,0.4582,0.1588,0.0916,-0.4108,0.1996,-0.0500,0.0008,0.9427,1.0000,69.166,69.293,68.866,68.994
38.304,0.89926,-0.19949,1.98749,-0.00045,0.00007,0.00003,0.00007,0.00072,-0.00000,1.200,0.0636,0.1498,-0.0001,0.4756,0.1563,0.0913,-0.4045,0.1995,-0.0500,0.0014,0.9406,1.0000,69.169,69.296,68.869,68.996
38.432,0.89287,-0.19927,1.97510,-0.00044,0.00016,0.00003,0.00007,0.00070,0.00000,1.200,0.0636,0.1498,-0.0001,0.4920,0.1538,0.0910,-0.3981,0.1993,-0.0498,0.0019,0.9385,1.0000,69.171,69.298,68.871,68.999
38.560,0.88651,-0.19898,1.96242,-0.00043,0.00025,0.00003,0.00007,0.00068,0.00000,1.200,0.0636,0.1498,-0.0001,0.5075,0.1513,0.0907,-0.3917,0.1990,-0.0496,0.0025,0.9366,1.0000,69.174,69.301,68.874,69.002
38.688,0.88019,-0.19862,1.94947,-0.00042,0.00033,0.00003,0.00007,0.00066,0.00000,1.200,0.0636,0.1498,-0.0001,0.5221,0.1489,0.0904,-0.3854,0.1986,-0.0492,0.0030,0.9347,1.0000,69.177,69.304,68.877,69.004
38.816,0.87392,-0.19819,1.93624,-0.00041,0.00041,0.00003,0.00008,0.00064,0.00000,1.200,0.0636,0.1498,-0.0001,0.5357,0.1466,0.0901,-0.3791,0.1982,-0.0488,0.0035,0.9330,1.0000,69.179,69.306,68.880,69.007
38.944,0.86772,-0.19770,1.92276,-0.00040,0.00049,0.00003,0.00008,0.00061,0.00000,1.200,0.0636,0.1498,-0.0001,0.5485,0.1443,0.0897,-0.3729,0.1977,-0.0482,0.0040,0.9314,1.0000,69.182,69.309,68.883,69.010
39.072,0.86160,-0.19715,1.90905,-0.00039,0.00057,0.00003,0.00008,0.00059,0.00000,1.200,0.0636,0.1498,-0.0001,0.5603,0.1421,0.0893,-0.3668,0.1972,-0.0476,0.0045,0.9300,1.0000,69.185,69.312,68.886,69.013
39.200,0.85556,-0.19653,1.89510,-0.00038,0.00064,0.00003,0.00008,0.00057,0.00000,1.200,0.0636,0.1498,-0.0001,0.5711,0.1399,0.0889,-0.3608,0.1965,-0.0468,0.0050,0.9286,1.0000,69.189,69.316,68.889,69.016
39.328,0.84964,-0.19585,1.88095,-0.00037,0.00072,0.00003,0.00008,0.00055,0.00000,1.200,0.0636,0.1498,-0.0001,0.5811,0.1378,0.0884,-0.3548,0.1959,-0.0460,0.0055,0.9274,1.0000,69.192,69.319,68.892,69.020
39.456,0.84382,-0.19511,1.86660,-0.00036,0.00078,0.00003,0.00008,0.00052,0.00000,1.200,0.0636,0.1498,-0.0001,0.5901,0.1358,0.0880,-0.3490,0.1951,-0.0451,0.0059,0.9262,1.0000,69.195,69.322,68.895,69.023
39.584,0.83813,-0.19432,1.85207,-0.00035,0.00085,0.00003,0.00008,0.00050,0.00000,1.200,0.0636,0.1498,-0.0001,0.5983,0.1339,0.0875,-0.3433,0.1943,-0.0441,0.0064,0.9252,1.0000,69.199,69.326,68.899,69.027
39.712,0.83258,-0.19347,1.83738,-0.00034,0.00091,0.00003,0.00008,0.00047,0.00000,1.200,0.0636,0.1498,-0.0001,0.6055,0.1321,0.0870,-0.3378,0.1935,-0.0430,0.0068,0.9243,1.0000,69.203,69.330,68.903,69.031
39.840,0.82718,-0.19256,1.82254,-0.00033,0.00097,0.00003,0.00008,0.00045,0.00000,1.200,0.0636,0.1499,-0.0001,0.6118,0.1303,0.0865,-0.3324,0.1926,-0.0418,0.0072,0.9235,1.0000,69.207,69.334,68.907,69.035
39.968,0.82193,-0.19160,1.80758,-0.00032,0.00102,0.00003,0.00009,0.00042,0.00000,1.200,0.0636,0.1499,-0.0001,0.6173,0.1287,0.0860,-0.3271,0.1916,-0.0405,0.0076,0.9228,1.0000,69.212,69.339,68.912,69.039
40.096,0.81684,-0.19059,1.79252,-0.00030,0.00108,0.00003,0.00009,0.00040,0.00000,1.200,0.0636,0.1499,-0.0001,0.6219,0.1271,0.0854,-0.3220,0.1906,-0.0392,0.0080,0.9223,1.0000,69.217,69.344,68.916,69.044
40.224,0.81193,-0.18954,1.77737,-0.00029,0.00112,0.00003,0.00009,0.00037,0.00000,1.200,0.0637,0.1499,-0.0001,0.6256,0.1256,0.0849,-0.3171,0.1895,-0.0379,0.0084,0.9218,1.0000,69.222,69.349,68.922,69.049
40.352,0.80719,-0.18843,1.76217,-0.00028,0.00117,0.00003,0.00009,0.00035,0.00000,1.200,0.0637,0.1499,-0.0001,0.6285,0.1242,0.0843,-0.3124,0.1884,-0.0364,0.0088,0.9214,1.0000,69.227,69.354,68.927,69.054
40.480,0.80265,-0.18728,1.74694,-0.00027,0.00121,0.00003,0.00009,0.00032,-0.00000,1.200,0.0637,0.1499,-0.0001,0.6306,0.1229,0.0837,-0.3078,0.1873,-0.0349,0.0091,0.9212,1.0000,69.233,69.360,68.932,69.060
40.608,0.79830,-0.18609,1.73169,-0.00026,0.00125,0.00003,0.00009,0.00029,-0.00000,1.200,0.0637,0.1499,-0.0001,0.6317,0.1217,0.0831,-0.3035,0.1861,-0.0334,0.0095,0.9210,1.0000,69.239,69.366,68.938,69.066
40.736,0.79415,-0.18485,1.71647,-0.00025,0.00129,0.00003,0.00009,0.00027,-0.00000,1.200,0.0637,0.1499,-0.0001,0.6321,0.1206,0.0825,-0.2993,0.1849,-0.0318,0.0098,0.9210,1.0000,69.245,69.372,68.945,69.072
40.864,0.79021,-0.18358,1.70130,-0.00024,0.00132,0.00003,0.00009,0.00024,-0.00000,1.200,0.0637,0.1500,-0.0001,0.6316,0.1196,0.0819,-0.2954,0.1836,-0.0302,0.0101,0.9211,1.0000,69.252,69.379,68.951,69.079
40.992,0.78647,-0.18226,1.68621,-0.00023,0.00135,0.00003,0.00009,0.00021,-0.00000,1.200,0.0637,0.1500,-0.0001,0.6302,0.1187,0.0813,-0.2917,0.1823,-0.0285,0.0104,0.9212,1.0000,69.259,69.386,68.958,69.086
41.120,0.78296,-0.18091,1.67124,-0.00021,0.00137,0.00003,0.00009,0.00019,-0.00000,1.200,0.0637,0.1500,-0.0001,0.6280,0.1179,0.0806,-0.2882,0.1809,-0.0268,0.0107,0.9215,1.0000,69.266,69.393,68.966,69.093
41.248,0.77967,-0.17953,1.65641,-0.00020,0.00139,0.00003,0.00009,0.00016,-0.00000,1.200,0.0637,0.1500,-0.0001,0.6249,0.1172,0.0800,-0.2849,0.1795,-0.0251,0.0109,0.9219,1.0000,69.273,69.400,68.973,69.101
41.376,0.77660,-0.17811,1.64176,-0.00019,0.00141,0.00003,0.00009,0.00013,-0.00000,1.200,0.0637,0.1500,-0.0001,0.6209,0.1166,0.0793,-0.2818,0.1781,-0.0233,0.0112,0.9224,1.0000,69.281,69.408,68.981,69.108
41.504,0.77375,-0.17666,1.62733,-0.00018,0.00143,0.00003,0.00009,0.00011,-0.00000,1.200,0.0637,0.1500,-0.0001,0.6159,0.1160,0.0787,-0.2790,0.1767,-0.0215,0.0114,0.9230,1.0000,69.289,69.416,68.989,69.116
41.632,0.77114,-0.17519,1.61316,-0.00017,0.00144,0.00003,0.00009,0.00008,-0.00000,1.200,0.0637,0.1501,-0.0001,0.6101,0.1156,0.0780,-0.2763,0.1752,-0.0197,0.0116,0.9237,1.0000,69.297,69.424,68.997,69.124
41.760,0.76876,-0.17368,1.59928,-0.00016,0.00145,0.00003,0.00009,0.00005,-0.00000,1.200,0.0637,0.1501,-0.0001,0.6032,0.1153,0.0773,-0.2740,0.1737,-0.0179,0.0118,0.9246,1.0000,69.305,69.432,69.005,69.133
41.888,0.76661,-0.17215,1.58573,-0.00015,0.00145,0.00003,0.00009,0.00003,-0.00000,1.200,0.0637,0.1501,-0.0001,0.5954,0.1151,0.0767,-0.2718,0.1722,-0.0161,0.0120,0.9256,1.0000,69.313,69.441,69.013,69.141
42.016,0.76470,-0.17060,1.57255,-0.00013,0.00145,0.00003,0.00009,-0.00000,-0.00000,1.200,0.0637,0.1501,-0.0001,0.5865,0.1150,0.0760,-0.2699,0.1706,-0.0143,0.0122,0.9267,1.0000,69.322,69.449,69.021,69.149
42.144,0.76302,-0.16903,1.55977,-0.00012,0.00145,0.00003,0.00009,-0.00003,-0.00000,1.200,0.0638,0.1501,-0.0001,0.5765,0.1149,0.0753,-0.2682,0.1690,-0.0124,0.0124,0.9279,1.0000,69.330,69.457,69.029,69.157
42.272,0.76157,-0.16743,1.54744,-0.00011,0.00144,0.00003,0.00008,-0.00005,-0.00000,1.200,0.0638,0.1501,-0.0001,0.5655,0.1150,0.0746,-0.2668,0.1674,-0.0106,0.0125,0.9293,1.0000,69.338,69.465,69.037,69.165
42.400,0.76035,-0.16582,1.53559,-0.00010,0.00144,0.00003,0.00008,-0.00008,-0.00000,1.200,0.0638,0.1502,-0.0001,0.5532,0.1151,0.0739,-0.2656,0.1658,-0.0088,0.0127,0.9308,1.0000,69.346,69.473,69.045,69.173
42.528,0.75937,-0.16419,1.52426,-0.00009,0.00142,0.00003,0.00008,-0.00011,-0.00000,1.200,0.0638,0.1502,-0.0001,0.5398,0.1154,0.0732,-0.2646,0.1642,-0.0070,0.0128,0.9325,1.0000,69.353,69.480,69.052,69.180
42.656,0.75862,-0.16255,1.51348,-0.00008,0.00141,0.00003,0.00008,-0.00013,-0.00000,1.200,0.0638,0.1502,-0.0001,0.5252,0.1157,0.0725,-0.2638,0.1626,-0.0052,0.0129,0.9344,1.0000,69.360,69.487,69.059,69.187
42.784,0.75809,-0.16089,1.50329,-0.00007,0.00139,0.00003,0.00008,-0.00016,-0.00000,1.200,0.0638,0.1502,-0.0001,0.5093,0.1161,0.0718,-0.2633,0.1609,-0.0035,0.0130,0.9363,1.0000,69.367,69.494,69.066,69.194
42.912,0.75778,-0.15922,1.49371,-0.00006,0.00137,0.00003,0.00008,-0.00018,-0.00000,1.200,0.0638,0.1502,-0.0001,0.4921,0.1166,0.0711,-0.2630,0.1592,-0.0017,0.0131,0.9385,1.0000,69.372,69.500,69.072,69.200
43.040,0.75770,-0.15754,1.48477,-0.00005,0.00134,0.00003,0.00008,-0.00021,-0.00000,1.200,0.0638,0.1502,-0.0001,0.4737,0.1172,0.0704,-0.2629,0.1576,-0.0000,0.0131,0.9408,1.0000,69.377,69.504,69.076,69.204
43.168,0.75783,-0.15586,1.47650,-0.00004,0.00131,0.00003,0.00008,-0.00023,-0.00000,1.200,0.0638,0.1502,-0.0001,0.4542,0.1178,0.0697,-0.2630,0.1559,0.0017,0.0132,0.9432,1.0000,69.381,69.508,69.080,69.208
43.296,0.75818,-0.15416,1.46891,-0.00003,0.00128,0.00003,0.00007,-0.00026,-0.00000,1.200,0.0638,0.1502,-0.0001,0.4336,0.1185,0.0690,-0.2634,0.1542,0.0033,0.0132,0.9458,1.0000,69.383,69.510,69.082,69.210
43.424,0.75873,-0.15246,1.46201,-0.00002,0.00125,0.00003,0.00007,-0.00028,-0.00000,1.200,0.0638,0.1502,-0.0001,0.4121,0.1193,0.0683,-0.2639,0.1525,0.0049,0.0133,0.9485,1.0000,69.385,69.512,69.084,69.212
43.552,0.75948,-0.15076,1.45581,-0.00001,0.00121,0.00003,0.00007,-0.00030,-0.00000,1.200,0.0638,0.1502,-0.0001,0.3898,0.1201,0.0677,-0.2647,0.1508,0.0065,0.0133,0.9513,1.0000,69.385,69.513,69.085,69.212
43.680,0.76043,-0.14906,1.45032,-0.00000,0.00117,0.00003,0.00007,-0.00032,0.00000,1.200,0.0638,0.1502,-0.0001,0.3667,0.1210,0.0670,-0.2656,0.1491,0.0080,0.0133,0.9542,1.0000,69.385,69.513,69.085,69.212
43.808,0.76156,-0.14735,1.44552,0.00001,0.00113,0.00003,0.00007,-0.00034,0.00000,1.200,0.0638,0.1502,-0.0001,0.3430,0.1220,0.0663,-0.2668,0.1474,0.0094,0.0133,0.9571,1.0000,69.385,69.512,69.084,69.212
43.936,0.76288,-0.14565,1.44143,0.00001,0.00108,0.00003,0.00007,-0.00035,0.00000,1.200,0.0638,0.1502,-0.0001,0.3187,0.1230,0.0656,-0.2681,0.1457,0.0108,0.0133,0.9602,1.0000,69.383,69.511,69.083,69.211
44.064,0.76437,-0.14395,1.43803,0.00002,0.00104,0.00003,0.00007,-0.00037,0.00000,1.200,0.0638,0.1502,-0.0001,0.2939,0.1241,0.0649,-0.2696,0.1440,0.0122,0.0133,0.9633,1.0000,69.382,69.509,69.081,69.209
44.192,0.76603,-0.14225,1.43531,0.00003,0.00099,0.00003,0.00007,-0.00039,0.00000,1.200,0.0638,0.1502,-0.0001,0.2686,0.1252,0.0643,-0.2712,0.1423,0.0134,0.0132,0.9664,1.0000,69.379,69.507,69.079,69.207
44.320,0.76785,-0.14056,1.43328,0.00004,0.00094,0.00003,0.00007,-0.00040,0.00000,1.200,0.0638,0.1502,-0.0001,0.2430,0.1263,0.0636,-0.2730,0.1406,0.0147,0.0132,0.9696,1.0000,69.377,69.504,69.076,69.204
44.448,0.76982,-0.13887,1.43190,0.00005,0.00088,0.00003,0.00007,-0.00041,0.00000,1.200,0.0638,0.1502,-0.0001,0.2170,0.1275,0.0630,-0.2750,0.1389,0.0158,0.0131,0.9729,1.0000,69.374,69.501,69.073,69.201
44.576,0.77193,-0.13720,1.43117,0.00006,0.00083,0.00003,0.00007,-0.00042,0.00000,1.200,0.0638,0.1502,-0.0001,0.1908,0.1288,0.0623,-0.2771,0.1372,0.0169,0.0131,0.9761,1.0000,69.371,69.498,69.070,69.198
44.704,0.77417,-0.13553,1.43108,0.00007,0.00078,0.00003,0.00007,-0.00043,0.00000,1.200,0.0638,0.1502,-0.0001,0.1644,0.1300,0.0617,-0.2794,0.1355,0.0179,0.0130,0.9794,1.0000,69.367,69.495,69.067,69.195
44.832,0.77654,-0.13387,1.43161,0.00007,0.00072,0.00003,0.00006,-0.00044,0.00000,1.200,0.0638,0.1502,-0.0001,0.1379,0.1313,0.0610,-0.2817,0.1339,0.0189,0.0129,0.9828,1.0000,69.364,69.491,69.063,69.191
44.960,0.77903,-0.13222,1.43274,0.00008,0.00066,0.00003,0.00006,-0.00045,0.00000,1.200,0.0638,0.1502,-0.0001,0.1113,0.1326,0.0604,-0.2842,0.1322,0.0197,0.0128,0.9861,1.0000,69.360,69.488,69.060,69.188
45.088,0.78162,-0.13059,1.43445,0.00009,0.00060,0.00003,0.00006,-0.00046,0.00000,1.200,0.0638,0.1501,-0.0001,0.0847,0.1339,0.0598,-0.2868,0.1306,0.0206,0.0127,0.9894,1.0000,69.357,69.484,69.056,69.184
45.216,0.78431,-0.12898,1.43674,0.00010,0.00054,0.00003,0.00006,-0.00046,0.00000,1.200,0.0638,0.1501,-0.0001,0.0581,0.1353,0.0592,-0.2895,0.1290,0.0213,0.0126,0.9927,1.0000,69.353,69.480,69.053,69.180
45.344,0.78709,-0.12737,1.43958,0.00011,0.00048,0.00003,0.00006,-0.00047,-0.00000,1.200,0.0638,0.1501,-0.0001,0.0316,0.1366,0.0586,-0.2923,0.1274,0.0219,0.0125,0.9960,1.0000,69.350,69.477,69.049,69.177
45.472,0.78995,-0.12579,1.44296,0.00011,0.00042,0.00003,0.00006,-0.00047,-0.00000,1.200,0.0638,0.1501,-0.0001,0.0052,0.1379,0.0580,-0.2951,0.1258,0.0225,0.0123,0.9993,1.0000,69.346,69.474,69.046,69.174
45.600,0.79287,-0.12422,1.44685,0.00013,0.00037,0.00003,0.00014,-0.00035,0.00001,1.200,0.0638,0.1497,-0.0002,-0.0210,0.1393,0.0574,-0.2981,0.1242,0.0230,0.0122,0.9974,1.0000,69.343,69.470,69.043,69.171
45.728,0.79586,-0.12268,1.45126,0.00014,0.00035,0.00003,0.00012,-0.00012,0.00000,1.200,0.0638,0.1501,-0.0001,-0.0471,0.1406,0.0569,-0.3011,0.1227,0.0235,0.0120,0.9941,1.0000,69.340,69.467,69.040,69.167
45.856,0.79890,-0.12116,1.45615,0.00016,0.00033,0.00004,0.00011,-0.00020,0.00000,1.200,0.0638,0.1503,-0.0001,-0.0730,0.1420,0.0563,-0.3041,0.1212,0.0239,0.0118,0.9909,1.0000,69.337,69.465,69.037,69.164
45.984,0.80199,-0.11966,1.46153,0.00017,0.00029,0.00004,0.00011,-0.00029,0.00000,1.200,0.0638,0.1501,-0.0001,-0.0987,0.1434,0.0558,-0.3072,0.1197,0.0243,0.0116,0.9877,1.0000,69.335,69.462,69.034,69.162
46.112,0.80514,-0.11819,1.46737,0.00018,0.00026,0.00004,0.00011,-0.00024,0.00000,1.200,0.0638,0.1500,-0.0001,-0.1241,0.1448,0.0553,-0.3103,0.1182,0.0247,0.0114,0.9845,1.0000,69.332,69.459,69.032,69.160
46.240,0.80832,-0.11675,1.47367,0.00020,0.00023,0.00004,0.00010,-0.00021,-0.00000,1.200,0.0638,0.1501,-0.0001,-0.1493,0.1461,0.0548,-0.3135,0.1168,0.0250,0.0112,0.9813,1.0000,69.330,69.457,69.029,69.157
46.368,0.81154,-0.11534,1.48041,0.00021,0.00020,0.00004,0.00010,-0.00024,-0.00000,1.200,0.0638,0.1501,-0.0001,-0.1743,0.1475,0.0543,-0.3167,0.1154,0.0253,0.0109,0.9782,1.0000,69.328,69.455,69.028,69.155
46.496,0.81479,-0.11397,1.48759,0.00022,0.00017,0.00003,0.00009,-0.00025,-0.00000,1.200,0.0637,0.1501,-0.0001,-0.1990,0.1489,0.0539,-0.3200,0.1140,0.0255,0.0106,0.9751,1.0000,69.326,69.454,69.026,69.154
46.624,0.81807,-0.11263,1.49520,0.00023,0.00014,0.00003,0.00009,-0.00023,-0.00000,1.200,0.0637,0.1501,-0.0001,-0.2234,0.1503,0.0534,-0.3233,0.1126,0.0257,0.0103,0.9721,1.0000,69.325,69.452,69.025,69.152
46.752,0.82137,-0.11133,1.50323,0.00025,0.00011,0.00003,0.00009,-0.00022,-0.00000,1.200,0.0637,0.1501,-0.0001,-0.2475,0.1517,0.0530,-0.3266,0.1113,0.0259,0.0100,0.9691,1.0000,69.324,69.451,69.023,69.151
46.880,0.82469,-0.11007,1.51168,0.00026,0.00008,0.00003,0.00008,-0.00023,-0.00000,1.200,0.0637,0.1501,-0.0001,-0.2714,0.1530,0.0526,-0.3299,0.1101,0.0260,0.0097,0.9661,1.0000,69.322,69.450,69.022,69.150
47.008,0.82802,-0.10885,1.52054,0.00027,0.00005,0.00003,0.00008,-0.00023,-0.00000,1.200,0.0637,0.1501,-0.0001,-0.2949,0.1544,0.0523,-0.3332,0.1089,0.0261,0.0094,0.9631,1.0000,69.321,69.448,69.020,69.148
47.136,0.83136,-0.10767,1.52980,0.00028,0.00002,0.00003,0.00008,-0.00022,-0.00000,1.200,0.0637,0.1501,-0.0001,-0.3179,0.1558,0.0519,-0.3366,0.1077,0.0261,0.0091,0.9603,1.0000,69.319,69.446,69.018,69.146
47.264,0.83471,-0.10654,1.53945,0.00029,-0.00001,0.00003,0.00007,-0.00022,-0.00000,1.200,0.0637,0.1501,-0.0001,-0.3404,0.1571,0.0516,-0.3399,0.1066,0.0261,0.0087,0.9574,1.0000,69.316,69.444,69.016,69.144
47.392,0.83805,-0.10546,1.54948,0.00029,-0.00003,0.00003,0.00007,-0.00022,-0.00000,1.200,0.0637,0.1500,-0.0001,-0.3623,0.1584,0.0513,-0.3433,0.1055,0.0261,0.0083,0.9547,1.0000,69.314,69.441,69.014,69.141
47.520,0.84139,-0.10442,1.55989,0.00030,-0.00006,0.00003,0.00006,-0.00022,-0.00000,1.200,0.0637,0.1500,-0.0001,-0.3835,0.1598,0.0510,-0.3466,0.1044,0.0261,0.0080,0.9521,1.0000,69.312,69.439,69.011,69.139
47.648,0.84472,-0.10343,1.57066,0.00031,-0.00009,0.00003,0.00006,-0.00022,-0.00000,1.200,0.0637,0.1500,-0.0001,-0.4039,0.1611,0.0507,-0.3499,0.1034,0.0260,0.0076,0.9495,1.0000,69.309,69.436,69.009,69.136
47.776,0.84803,-0.10249,1.58177,0.00032,-0.00012,0.00003,0.00005,-0.00021,-0.00000,1.200,0.0637,0.1500,-0.0001,-0.4235,0.1623,0.0505,-0.3532,0.1025,0.0258,0.0072,0.9471,1.0000,69.307,69.434,69.006,69.134
47.904,0.85133,-0.10160,1.59322,0.00032,-0.00014,0.00003,0.00005,-0.00021,-0.00000,1.200,0.0637,0.1500,-0.0001,-0.4423,0.1636,0.0503,-0.3565,0.1016,0.0257,0.0068,0.9447,1.0000,69.304,69.431,69.004,69.131
48.032,0.85460,-0.10076,1.60500,0.00033,-0.00017,0.00003,0.00004,-0.00021,-0.00000,1.200,0.0637,0.1500,-0.0001,-0.4602,0.1648,0.0501,-0.3598,0.1008,0.0255,0.0064,0.9425,1.0000,69.301,69.429,69.001,69.129
48.160,0.85785,-0.09998,1.61708,0.00034,-0.00020,0.00003,0.00004,-0.00021,0.00000,1.200,0.0637,0.1500,-0.0001,-0.4772,0.1661,0.0499,-0.3630,0.1000,0.0253,0.0060,0.9404,1.0000,69.299,69.426,68.998,69.126
48.288,0.86106,-0.09925,1.62947,0.00034,-0.00022,0.00003,0.00004,-0.00021,0.00000,1.200,0.0637,0.1500,-0.0001,-0.4933,0.1673,0.0498,-0.3663,0.0993,0.0250,0.0055,0.9383,1.0000,69.296,69.423,68.996,69.124
48.416,0.86424,-0.09857,1.64215,0.00034,-0.00025,0.00003,0.00003,-0.00020,0.00000,1.200,0.0637,0.1500,-0.0001,-0.5085,0.1684,0.0496,-0.3694,0.0986,0.0247,0.0051,0.9364,1.0000,69.293,69.421,68.993,69.121
